id,cardnumber,full_name,email,gender,month,value
1,3547279119296121,Ebba Caps,ecaps0@usgs.gov,Female,7/30/2019,$59.37
2,3575986527639602,Brietta McGeagh,bmcgeagh1@omniture.com,Female,11/21/2019,$28.01
3,6334143420099212,Robinia Presland,rpresland2@forbes.com,Female,4/4/2020,$86.25
4,3579782860095742,Cynde Iannazzi,ciannazzi3@themeforest.net,Female,1/15/2020,$26.27
5,3531022309493993,Paulita Camel,pcamel4@npr.org,Female,8/27/2019,$91.39
6,4405247321173320,Benito D'Onisi,bdonisi5@wiley.com,Male,10/16/2019,$3.74
7,5002355459464645,Irwinn Vasler,ivasler6@acquirethisname.com,Male,5/31/2019,$32.03
8,30026660597021,Dorthea Lemmens,dlemmens7@apache.org,Female,7/26/2019,$81.22
9,3564165940331401,Herculie Noli,hnoli8@thetimes.co.uk,Male,8/13/2019,$47.59
10,5100179037915626,Stace Waldrum,swaldrum9@mediafire.com,Female,8/30/2019,$46.67
11,3558390531609936,Randie Eallis,reallisa@addthis.com,Female,1/6/2020,$27.83
12,3576101243761677,Valentine D'Enrico,vdenricob@last.fm,Female,12/5/2019,$3.15
13,5100144645228283,Sapphira Rhelton,srheltonc@mac.com,Female,9/28/2019,$8.84
14,50186412344721632,Latashia Stert,lstertd@weibo.com,Female,8/20/2019,$25.19
15,3579056887294178,Stirling Careswell,scareswelle@baidu.com,Male,9/5/2019,$25.04
16,372301846985879,Blane Biskupski,bbiskupskif@techcrunch.com,Male,1/28/2020,$15.05
17,3530597231662238,Kalila Kubatsch,kkubatschg@latimes.com,Female,1/24/2020,$36.39
18,4650692631169,Lyman Bouskill,lbouskillh@instagram.com,Male,9/22/2019,$93.12
19,3528826414314430,Matthaeus Buick,mbuicki@stanford.edu,Male,7/30/2019,$76.06
20,5602254215454996,Consolata Bagge,cbaggej@google.com.br,Female,7/20/2019,$87.46
21,56022223028818817,Leighton Roggers,lroggersk@fda.gov,Male,9/9/2019,$18.16
22,3530244058368363,Diarmid Sabie,dsabiel@mtv.com,Male,5/31/2019,$7.21
23,201955979559962,Noak Mathis,nmathism@nasa.gov,Male,6/11/2019,$79.48
24,3564549168690889,Bondie Goodfellowe,bgoodfellowen@amazonaws.com,Male,10/16/2019,$53.29
25,3536632134015525,Fernando Mingo,fmingoo@seattletimes.com,Male,8/4/2019,$99.25
26,4917924192949423,Bonny Coweuppe,bcoweuppep@webs.com,Female,5/23/2019,$99.00
27,4913424563148295,Miltie Dawley,mdawleyq@bluehost.com,Male,5/24/2019,$59.88
28,30417508397916,Octavius Garside,ogarsider@google.co.jp,Male,6/17/2019,$93.23
29,3546495419998437,Laurence Mangan,lmangans@parallels.com,Male,7/24/2019,$36.11
30,201736171179605,Leah Smeall,lsmeallt@nydailynews.com,Female,5/10/2020,$39.13
31,6399603947062326,Gottfried Dike,gdikeu@booking.com,Male,5/27/2019,$30.80
32,3535303997514969,Reinhard Neeves,rneevesv@ucoz.ru,Male,2/19/2020,$3.95
33,3534446616604330,Otis McPake,omcpakew@instagram.com,Male,3/13/2020,$58.86
34,3559478626437229,Jerrie Tomet,jtometx@odnoklassniki.ru,Male,3/13/2020,$97.62
35,4508066282966399,Kelley Danzelman,kdanzelmany@woothemes.com,Female,5/20/2019,$99.75
36,676188612110196667,Drusilla McGilroy,dmcgilroyz@disqus.com,Female,12/18/2019,$38.95
37,3542879873729996,Bent Gavahan,bgavahan10@exblog.jp,Male,12/7/2019,$14.01
38,3585708405840385,Cirilo Doull,cdoull11@mozilla.org,Male,4/14/2020,$31.86
39,3544588740597621,Jerad Shortcliffe,jshortcliffe12@plala.or.jp,Male,12/21/2019,$8.66
40,201552786236767,Tracy Offell,toffell13@wikimedia.org,Male,11/8/2019,$18.64
41,560225659124918272,Kimberley Liggins,kliggins14@cnet.com,Female,5/19/2019,$6.07
42,5100149758780541,Holli Rossin,hrossin15@ning.com,Female,5/4/2020,$93.70
43,5038557632025281546,Ranice Eckels,reckels16@facebook.com,Female,7/9/2019,$74.41
44,4041376260408056,Giorgio Leggan,gleggan17@dagondesign.com,Male,9/2/2019,$37.10
45,6761497143854770,Adriena Clamp,aclamp18@networksolutions.com,Female,12/20/2019,$77.20
46,6304752955914730895,Fern Bulled,fbulled19@apache.org,Female,3/5/2020,$17.47
47,3535764860733038,Gannon Dougliss,gdougliss1a@addtoany.com,Male,12/8/2019,$23.57
48,374283862741378,Cecilius Rings,crings1b@google.ru,Male,2/14/2020,$55.89
49,3555560012985426,Barrie Swalough,bswalough1c@desdev.cn,Female,7/26/2019,$29.47
50,4297895492971,Petey Magovern,pmagovern1d@nymag.com,Male,5/5/2020,$6.73
51,3539210158721943,Nathanil Held,nheld1e@hao123.com,Male,3/3/2020,$86.70
52,3587938901255949,Heather Roseaman,hroseaman1f@sogou.com,Female,6/21/2019,$72.70
53,5602259246097342,Boothe Puxley,bpuxley1g@cbslocal.com,Male,3/5/2020,$9.63
54,3532245057514574,Rosalia Santon,rsanton1h@friendfeed.com,Female,7/31/2019,$46.48
55,374622750339466,Dori Vamplew,dvamplew1i@wired.com,Female,10/8/2019,$81.65
56,6387012666388033,Hildegarde Rissom,hrissom1j@paypal.com,Female,6/9/2019,$86.15
57,6393179480060262,Kerrie Sixsmith,ksixsmith1k@usa.gov,Female,6/30/2019,$56.89
58,3532783042780728,Elihu Beavington,ebeavington1l@cbsnews.com,Male,12/30/2019,$40.66
59,3588856769606558,Brade Willmont,bwillmont1m@live.com,Male,11/15/2019,$17.97
60,3587812675400835,Charla Cleft,ccleft1n@t-online.de,Female,12/23/2019,$90.85
61,3581853580344227,Baudoin Dyott,bdyott1o@smh.com.au,Male,7/4/2019,$9.20
62,3561402809064358,Mahala D'Alessandro,mdalessandro1p@cpanel.net,Female,1/3/2020,$90.07
63,3589373018153076,Say Larratt,slarratt1q@opensource.org,Male,6/3/2019,$25.65
64,6372803352988715,Horace Thomann,hthomann1r@biglobe.ne.jp,Male,8/12/2019,$25.23
65,378661455823081,Rena Andriolli,randriolli1s@google.es,Female,5/17/2019,$84.53
66,4041599700044,Christophorus Rolfini,crolfini1t@smugmug.com,Male,8/20/2019,$23.79
67,3568584901457102,Glenden Shortt,gshortt1u@blogspot.com,Male,12/4/2019,$57.48
68,3564303328659347,Kathe Hayworth,khayworth1v@npr.org,Female,12/1/2019,$32.20
69,30170399882062,Brien Heggs,bheggs1w@cnbc.com,Male,9/8/2019,$4.63
70,4508704782082867,Catha Gibb,cgibb1x@tmall.com,Female,12/17/2019,$92.34
71,5010129726531639,Wyn Matteoli,wmatteoli1y@netscape.com,Male,12/3/2019,$44.59
72,4041598480862339,Melvin Samme,msamme1z@dyndns.org,Male,9/5/2019,$47.76
73,58931199725088936,Urbanus Warcop,uwarcop20@acquirethisname.com,Male,5/30/2019,$34.80
74,30432504556548,Doralia Troucher,dtroucher21@samsung.com,Female,8/30/2019,$6.01
75,30059959053943,Anthony Girauld,agirauld22@about.me,Male,12/13/2019,$55.51
76,3560216625854938,Corinne Fellenor,cfellenor23@newsvine.com,Female,4/23/2020,$31.20
77,6392499198024793,Luciana Aslin,laslin24@simplemachines.org,Female,8/8/2019,$48.89
78,3569477248656792,Ailene Canaan,acanaan25@bloglovin.com,Female,8/22/2019,$57.97
79,3535531344006806,Cad Lamprecht,clamprecht26@lulu.com,Male,9/18/2019,$4.84
80,50207632451918847,Brina Yakovliv,byakovliv27@tripod.com,Female,3/16/2020,$58.17
81,3573224918964559,Cory Samples,csamples28@globo.com,Male,1/23/2020,$26.31
82,5018579558865250109,April Kehri,akehri29@springer.com,Female,4/17/2020,$44.14
83,3561342727804255,Mariel Tissell,mtissell2a@deliciousdays.com,Female,2/9/2020,$35.19
84,4508446304590650,Geraldine MacArte,gmacarte2b@wunderground.com,Female,9/15/2019,$52.08
85,5454802836132158,Shel Tieman,stieman2c@mit.edu,Female,7/26/2019,$44.83
86,5503003681728627,Halley Trencher,htrencher2d@webmd.com,Female,8/10/2019,$78.72
87,3537978922439933,Fabiano Solway,fsolway2e@irs.gov,Male,3/18/2020,$38.31
88,3581909992160732,Huey Standley,hstandley2f@bloomberg.com,Male,7/23/2019,$0.54
89,5537419947978055,Allissa Pogg,apogg2g@weebly.com,Female,4/29/2020,$58.57
90,4913839280882134,Reece Pickton,rpickton2h@tmall.com,Male,2/20/2020,$15.33
91,3546224544165690,Lucias Manoch,lmanoch2i@digg.com,Male,10/26/2019,$48.15
92,3574582206940386,Sissie Tidball,stidball2j@spotify.com,Female,3/21/2020,$83.47
93,337941530101749,Mikkel Phinnessy,mphinnessy2k@indiegogo.com,Male,3/20/2020,$97.34
94,377937254250168,Giulio Burdon,gburdon2l@exblog.jp,Male,12/19/2019,$79.07
95,3557868337315429,Mac Andreas,mandreas2m@cpanel.net,Male,9/14/2019,$58.10
96,5010129864812411,Stanton Faccini,sfaccini2n@tuttocitta.it,Male,3/10/2020,$37.97
97,5002350574182982,Naomi Jollands,njollands2o@nba.com,Female,6/3/2019,$48.85
98,4405482248620539,Jefferey Chalfain,jchalfain2p@mit.edu,Male,6/19/2019,$73.22
99,5038611127163987,Ware Shercliff,wshercliff2q@baidu.com,Male,12/1/2019,$27.66
100,5100148100029870,Joletta Todari,jtodari2r@bigcartel.com,Female,9/13/2019,$66.31
101,3549740490067009,Carlie Attiwill,cattiwill2s@istockphoto.com,Female,4/13/2020,$30.96
102,3550951812307033,Jeanette Halso,jhalso2t@nyu.edu,Female,6/6/2019,$52.89
103,5602251512357039,Tabatha Halpine,thalpine2u@booking.com,Female,10/22/2019,$87.74
104,4844996561801003,Kristi Turneux,kturneux2v@psu.edu,Female,11/2/2019,$4.63
105,6377326893409368,Adriana Guidelli,aguidelli2w@1und1.de,Female,2/3/2020,$18.79
106,3572742932521395,Hilliard Dronsfield,hdronsfield2x@europa.eu,Male,11/9/2019,$18.42
107,3556002659564619,Gabriel Karys,gkarys2y@netlog.com,Female,7/4/2019,$82.67
108,56022567117263230,Raoul Schofield,rschofield2z@usnews.com,Male,7/1/2019,$13.82
109,5254525308715588,Carlie Pabel,cpabel30@paypal.com,Male,8/5/2019,$27.41
110,372301319519247,Worthy Blackly,wblackly31@com.com,Male,8/22/2019,$39.36
111,337941587607093,Giraud Adamoli,gadamoli32@ibm.com,Male,12/3/2019,$29.52
112,3570115271434557,Win Horribine,whorribine33@devhub.com,Male,10/24/2019,$21.93
113,3563817316003128,Sandi Acuna,sacuna34@sun.com,Female,1/10/2020,$22.31
114,36940732363432,Tadeo Crutchley,tcrutchley35@cargocollective.com,Male,2/22/2020,$89.79
115,201801734950064,Teddy Rusbridge,trusbridge36@kickstarter.com,Female,8/18/2019,$99.52
116,30433816651738,Doralin Kears,dkears37@blogs.com,Female,1/17/2020,$65.95
117,3544267764936615,Gwennie Tasch,gtasch38@cnn.com,Female,9/18/2019,$90.14
118,3557686048795238,Andy De Zamudio,ade39@discovery.com,Male,7/11/2019,$85.87
119,6761853701418622249,Frayda Tanman,ftanman3a@instagram.com,Female,12/28/2019,$41.04
120,5282189532509790,Martie By,mby3b@washingtonpost.com,Male,6/20/2019,$68.89
121,3530571186088442,Felipe Heynen,fheynen3c@wix.com,Male,1/19/2020,$83.39
122,5602256094817185,Sergeant Turfin,sturfin3d@squidoo.com,Male,10/10/2019,$94.92
123,5602258931427459,Nadean Lorie,nlorie3e@flickr.com,Female,11/14/2019,$53.12
124,3569842788397398,Tina Tinton,ttinton3f@over-blog.com,Female,6/2/2019,$10.96
125,5010126243615812,Man Taggerty,mtaggerty3g@nature.com,Male,1/6/2020,$43.78
126,201986324761441,Gabriel Jobin,gjobin3h@booking.com,Female,6/16/2019,$81.93
127,4905366423586499418,Jacqueline Sambals,jsambals3i@discuz.net,Female,12/8/2019,$20.78
128,201540628866693,Gwenneth Kester,gkester3j@github.io,Female,3/2/2020,$4.80
129,676181481660623612,Gerrilee Obell,gobell3k@cnet.com,Female,7/15/2019,$13.81
130,560225393756666997,Brendis Viall,bviall3l@booking.com,Male,1/31/2020,$86.26
131,5100178671300665,Johannes Sneaker,jsneaker3m@ed.gov,Male,3/15/2020,$40.68
132,676738256442998583,Freeman Kierans,fkierans3n@nature.com,Male,1/9/2020,$36.66
133,4477299563649,Donnell Burkart,dburkart3o@google.com.hk,Male,6/21/2019,$2.06
134,6759342485054981,Garrard Penniall,gpenniall3p@example.com,Male,5/16/2019,$78.83
135,3583894153521815,Lin Catford,lcatford3q@irs.gov,Male,6/3/2019,$41.28
136,30017786773323,Matty Sprakes,msprakes3r@eepurl.com,Male,3/22/2020,$89.21
137,3581397928798447,Marylou Powdrell,mpowdrell3s@typepad.com,Female,1/19/2020,$56.25
138,4017950359453825,Laurella Trevena,ltrevena3t@jugem.jp,Female,5/17/2019,$56.18
139,3546530118736686,Britt Hagerty,bhagerty3u@theguardian.com,Male,11/24/2019,$39.88
140,670686548084090975,Lance Deetlefs,ldeetlefs3v@usa.gov,Male,11/29/2019,$56.59
141,5610453036329375,Deanna Bielby,dbielby3w@un.org,Female,5/9/2020,$28.40
142,30100654366402,Ashli Francioli,afrancioli3x@indiatimes.com,Female,3/16/2020,$62.85
143,6304386633688718065,Eddie Merring,emerring3y@domainmarket.com,Female,4/11/2020,$45.05
144,3532552053200441,Carmon Bridewell,cbridewell3z@printfriendly.com,Female,3/24/2020,$80.99
145,3529238079826097,Emelita Breazeall,ebreazeall40@deliciousdays.com,Female,4/7/2020,$31.84
146,5515700124416753,Mady Standish,mstandish41@purevolume.com,Female,8/22/2019,$17.73
147,3581744252156439,Rosy Chesshire,rchesshire42@cnbc.com,Female,11/1/2019,$6.42
148,5010123512855211,Raquela MacAne,rmacane43@cisco.com,Female,3/7/2020,$75.19
149,3552262371307879,Freeland Stithe,fstithe44@xrea.com,Male,9/13/2019,$74.39
150,5602243326520647,Margery Gianinotti,mgianinotti45@hexun.com,Female,11/8/2019,$43.14
151,4175000695055237,Lambert Tomczak,ltomczak46@google.es,Male,1/24/2020,$14.43
152,4686508246404,Noami Fritz,nfritz47@about.me,Female,12/9/2019,$82.47
153,36979215750178,Andria Victor,avictor48@tiny.cc,Female,3/24/2020,$1.83
154,3538346357559634,Marcello Slingsby,mslingsby49@nymag.com,Male,10/8/2019,$82.50
155,3570153828797457,Cody Gasgarth,cgasgarth4a@nifty.com,Female,5/25/2019,$23.23
156,3588605943372672,Annnora Antognetti,aantognetti4b@usda.gov,Female,5/2/2020,$6.40
157,3589237739761444,Feodora Playfair,fplayfair4c@adobe.com,Female,12/28/2019,$51.83
158,5002352424677922,Gaspar Pentecust,gpentecust4d@studiopress.com,Male,3/23/2020,$4.72
159,50187657420822923,Susannah Gipp,sgipp4e@paginegialle.it,Female,5/18/2019,$32.24
160,3567589156844095,Jenifer Scully,jscully4f@answers.com,Female,9/17/2019,$47.79
161,3585536451159784,Bronson Leneham,bleneham4g@kickstarter.com,Male,1/2/2020,$40.85
162,345862733417080,Lorenza Tewelson,ltewelson4h@qq.com,Female,11/17/2019,$75.81
163,3579937027846417,Haslett Borton,hborton4i@guardian.co.uk,Male,6/25/2019,$76.02
164,4917248210376611,Kym Connors,kconnors4j@i2i.jp,Female,4/6/2020,$80.40
165,5100178201291665,Gino Scorthorne,gscorthorne4k@ow.ly,Male,6/8/2019,$55.87
166,3554202836232229,Alon Benko,abenko4l@cyberchimps.com,Male,6/3/2019,$61.98
167,6759451612579818,Evelyn Nansom,enansom4m@hubpages.com,Male,10/1/2019,$39.95
168,6377008999944932,Janos Manville,jmanville4n@salon.com,Male,7/1/2019,$87.92
169,3558269882742910,Lelah Waumsley,lwaumsley4o@yandex.ru,Female,8/8/2019,$19.99
170,3530762527933459,Candy McRamsey,cmcramsey4p@hexun.com,Female,7/1/2019,$2.44
171,5434374864925890,Karlene Waterman,kwaterman4q@tripadvisor.com,Female,12/18/2019,$80.41
172,342882104022247,Janaye Davion,jdavion4r@1und1.de,Female,1/13/2020,$15.86
173,6771919594506413568,Ferrel Fishly,ffishly4s@diigo.com,Male,5/24/2019,$76.62
174,5641823557646960633,Ambros Reavey,areavey4t@unesco.org,Male,7/14/2019,$60.92
175,201810112076061,Bernie Kyte,bkyte4u@nbcnews.com,Female,12/28/2019,$18.43
176,5108753435922939,Coreen Lindholm,clindholm4v@mashable.com,Female,5/16/2019,$93.77
177,4508554635790954,Melody Baskeyfied,mbaskeyfied4w@goo.ne.jp,Female,11/21/2019,$10.93
178,4905768323681407544,Cordell Brymner,cbrymner4x@ameblo.jp,Male,12/26/2019,$36.32
179,4017955475912455,Bond Shea,bshea4y@fc2.com,Male,1/20/2020,$10.67
180,5100178814962850,Codi Baudry,cbaudry4z@wp.com,Female,1/20/2020,$41.19
181,3552493174484751,Aileen Rallinshaw,arallinshaw50@skyrock.com,Female,3/23/2020,$92.05
182,374288450191522,Tybalt Dinning,tdinning51@sohu.com,Male,1/29/2020,$5.08
183,4844185400669587,Borg Bowdon,bbowdon52@parallels.com,Male,11/30/2019,$72.35
184,5394018113531482,Nicholas Pessolt,npessolt53@i2i.jp,Male,1/25/2020,$7.09
185,5010124696631766,Antin Tuftin,atuftin54@gizmodo.com,Male,7/8/2019,$28.50
186,6767014006210687,Suki Demschke,sdemschke55@ycombinator.com,Female,7/27/2019,$86.16
187,370187790055690,Toby Hanster,thanster56@freewebs.com,Male,7/12/2019,$90.80
188,3537031612884511,Jamill Barltrop,jbarltrop57@a8.net,Male,2/4/2020,$91.54
189,4905884510649354953,Launce Gummie,lgummie58@bbb.org,Male,7/22/2019,$0.02
190,50189149885268535,Teddy Chataignier,tchataignier59@csmonitor.com,Male,3/29/2020,$53.99
191,3588410822352659,Imogen Hadny,ihadny5a@sfgate.com,Female,4/27/2020,$58.67
192,201885845151910,Pauletta O'Callaghan,pocallaghan5b@soundcloud.com,Female,5/5/2020,$19.82
193,3554637408829375,Shelli Pidgeon,spidgeon5c@fc2.com,Female,5/4/2020,$3.78
194,3560506416095307,Billi Crocetto,bcrocetto5d@mapquest.com,Female,12/21/2019,$19.51
195,3561329522658762,Pate Brownsey,pbrownsey5e@umn.edu,Male,9/14/2019,$34.37
196,5100147713311865,Archy Chataignier,achataignier5f@theguardian.com,Male,5/17/2019,$81.38
197,5038154265715039572,Erica Hacaud,ehacaud5g@macromedia.com,Female,12/4/2019,$90.19
198,4844746675967558,Ortensia Jellyman,ojellyman5h@mayoclinic.com,Female,1/7/2020,$90.90
199,4812035979297,Horace Diglin,hdiglin5i@wikia.com,Male,7/22/2019,$91.35
200,3584683747786912,Derrick McClements,dmcclements5j@theglobeandmail.com,Male,5/12/2019,$35.73
201,5610181054602841,Lindy Crippell,lcrippell5k@twitpic.com,Female,7/28/2019,$90.09
202,5602221098375440,Kristofor Semor,ksemor5l@oakley.com,Male,2/29/2020,$72.14
203,491106633226989343,Licha Beams,lbeams5m@wordpress.org,Female,12/22/2019,$44.57
204,3530370942788662,Truman Gouch,tgouch5n@opensource.org,Male,6/9/2019,$14.06
205,201491109687986,Nisse Chellam,nchellam5o@quantcast.com,Female,6/9/2019,$97.63
206,630401410845233378,Benoite Androletti,bandroletti5p@craigslist.org,Female,6/26/2019,$58.93
207,3576030028783145,Abram Dutt,adutt5q@tinyurl.com,Male,6/7/2019,$74.81
208,5282982282278164,Clementia Mattke,cmattke5r@imgur.com,Female,11/9/2019,$49.21
209,3570229661095181,Harp Sired,hsired5s@digg.com,Male,5/21/2019,$84.35
210,3586909963690381,Jeniffer Ogborne,jogborne5t@networksolutions.com,Female,1/25/2020,$65.40
211,5257862815646338,Chloette St. Louis,cst5u@ucoz.ru,Female,1/9/2020,$82.63
212,3551227501283218,Willie Crandon,wcrandon5v@instagram.com,Female,11/15/2019,$62.49
213,3586480750574121,Fredericka Forcer,fforcer5w@omniture.com,Female,7/1/2019,$92.18
214,5100174914375465,Reine Kubica,rkubica5x@unc.edu,Female,10/21/2019,$6.98
215,4041374162387429,Sarah Giacoppoli,sgiacoppoli5y@dropbox.com,Female,1/17/2020,$53.34
216,5494158400265755,Isahella Belchamp,ibelchamp5z@imdb.com,Female,3/8/2020,$27.74
217,3536108114298324,Danica Ivamy,divamy60@nba.com,Female,9/7/2019,$88.84
218,3539573817955131,Rogerio Bart,rbart61@acquirethisname.com,Male,12/13/2019,$88.93
219,3558864152314570,Zarla Antyukhin,zantyukhin62@fc2.com,Female,11/11/2019,$98.04
220,201902115956165,Dael Yurygyn,dyurygyn63@dmoz.org,Female,9/6/2019,$84.75
221,6759927627879590,Kore Bogges,kbogges64@msu.edu,Female,9/26/2019,$22.56
222,3575316714520433,Raynell Haydney,rhaydney65@skyrock.com,Female,5/12/2019,$82.39
223,6333738770841805126,Kimmi Dovidian,kdovidian66@cisco.com,Female,11/6/2019,$87.15
224,6771620439235788,Berk Mundow,bmundow67@1und1.de,Male,3/1/2020,$90.70
225,3534470900353222,Sigvard Ebbins,sebbins68@lycos.com,Male,12/11/2019,$40.81
226,4405916716126719,Buiron Janu,bjanu69@cbc.ca,Male,8/16/2019,$78.92
227,5561585696963289,Nicolis Spaducci,nspaducci6a@gnu.org,Male,12/11/2019,$23.20
228,67719392253531042,Rupert Wipfler,rwipfler6b@sfgate.com,Male,11/20/2019,$17.12
229,4844617294044055,Meta Roswarne,mroswarne6c@so-net.ne.jp,Female,2/6/2020,$70.37
230,3578814344651088,Edee Whatsize,ewhatsize6d@acquirethisname.com,Female,10/26/2019,$22.56
231,3544842140026370,Pansy Tilzey,ptilzey6e@microsoft.com,Female,8/22/2019,$66.51
232,30400562351144,Domenico Harbottle,dharbottle6f@slashdot.org,Male,2/10/2020,$54.53
233,5641820814624230,Farleigh Bolderoe,fbolderoe6g@acquirethisname.com,Male,7/29/2019,$30.41
234,4302457791768,Madelina Edel,medel6h@sphinn.com,Female,12/20/2019,$68.13
235,67626445520536921,Clemmy Webley,cwebley6i@intel.com,Male,11/16/2019,$77.37
236,3563853454199501,Wadsworth Wolver,wwolver6j@php.net,Male,11/14/2019,$95.33
237,3577034360445262,Ebba Boorer,eboorer6k@si.edu,Female,11/15/2019,$15.29
238,6759893684787272414,Blair Venediktov,bvenediktov6l@usa.gov,Male,5/16/2019,$5.77
239,30512753596384,Dasya Clowney,dclowney6m@eepurl.com,Female,10/21/2019,$8.48
240,3589341663394014,Daniel Coite,dcoite6n@blogtalkradio.com,Male,10/10/2019,$12.70
241,5020470345258346900,Shayne Pain,spain6o@chron.com,Female,5/24/2019,$9.44
242,201668562337106,Christos Grier,cgrier6p@google.fr,Male,5/6/2020,$65.46
243,5048377793507547,Delores De Pero,dde6q@salon.com,Female,6/28/2019,$19.52
244,3554546991685419,Zollie Ellerby,zellerby6r@statcounter.com,Male,1/22/2020,$28.71
245,560225507156820942,Lilias Reddings,lreddings6s@hhs.gov,Female,10/21/2019,$14.17
246,490361778299023827,Cam Brugger,cbrugger6t@google.nl,Male,12/8/2019,$76.38
247,3554328128558029,Parker Figger,pfigger6u@cpanel.net,Male,2/16/2020,$27.18
248,201582194659458,Pattie Prazer,pprazer6v@linkedin.com,Female,9/28/2019,$60.21
249,3572644749510357,Leland Grassick,lgrassick6w@nymag.com,Male,6/30/2019,$11.91
250,30041564738027,Barnabas McCloughlin,bmccloughlin6x@artisteer.com,Male,6/30/2019,$81.89
251,372301216494247,Eugen Umfrey,eumfrey6y@barnesandnoble.com,Male,5/16/2019,$50.87
252,374622486716920,Law Beurich,lbeurich6z@phpbb.com,Male,8/3/2019,$14.30
253,6334674429775212,Bendicty Krollman,bkrollman70@va.gov,Male,10/24/2019,$78.05
254,30017323573400,Georgi Yarnton,gyarnton71@mozilla.org,Male,3/11/2020,$5.90
255,5171763706949810,Rafaello Tipton,rtipton72@1688.com,Male,1/27/2020,$16.36
256,3570993018173583,Gabe Simonel,gsimonel73@google.es,Male,9/25/2019,$84.69
257,4041592826273566,Mandie Blaschke,mblaschke74@mail.ru,Female,9/20/2019,$36.98
258,30400670630017,Ugo Crouse,ucrouse75@irs.gov,Male,10/8/2019,$99.55
259,3565534844477199,Idalina Brownbill,ibrownbill76@marketwatch.com,Female,5/11/2019,$88.03
260,3567715134936089,Chevy Calcut,ccalcut77@addthis.com,Male,10/2/2019,$9.38
261,5108757173146270,Benjamin Brammar,bbrammar78@php.net,Male,9/30/2019,$21.94
262,3542517461360432,Regina Ragge,rragge79@naver.com,Female,7/28/2019,$92.03
263,3566311840405097,Jaine Whistan,jwhistan7a@mit.edu,Female,10/10/2019,$21.03
264,3556390667831959,Pearce Bartels-Ellis,pbartelsellis7b@irs.gov,Male,12/9/2019,$94.73
265,30134184746130,Abner Lickorish,alickorish7c@rediff.com,Male,10/10/2019,$67.39
266,5020908283765136021,Giana Jorissen,gjorissen7d@usgs.gov,Female,7/31/2019,$50.26
267,5602220411486324479,Ilysa Wormleighton,iwormleighton7e@goo.ne.jp,Female,2/19/2020,$46.89
268,374283765494638,Edgardo Lowndes,elowndes7f@dailymail.co.uk,Male,6/10/2019,$69.26
269,3549178453474336,Sosanna Ledwitch,sledwitch7g@businessinsider.com,Female,6/22/2019,$90.65
270,58933952285583144,Eveleen Hinemoor,ehinemoor7h@unblog.fr,Female,4/14/2020,$61.47
271,3568909186242327,Jemmie McTague,jmctague7i@archive.org,Female,8/28/2019,$64.51
272,3579627076458319,Brien Fairbrother,bfairbrother7j@mashable.com,Male,5/30/2019,$32.62
273,3583828883898648,Regan Rosendall,rrosendall7k@instagram.com,Male,8/22/2019,$47.00
274,5602214462421874,Penny Reimer,preimer7l@photobucket.com,Female,5/26/2019,$44.40
275,50184417193436986,Erick Zanuciolii,ezanuciolii7m@omniture.com,Male,5/18/2019,$6.73
276,560224536773234733,Gabbi Deere,gdeere7n@apple.com,Female,5/6/2020,$80.71
277,3569260013375529,Elwyn Fairbrass,efairbrass7o@vistaprint.com,Male,8/18/2019,$61.48
278,6379215664834615,Chrissie Aleksandrikin,caleksandrikin7p@dot.gov,Male,4/16/2020,$36.65
279,5602241061303771157,Angel Stothart,astothart7q@blogs.com,Male,1/13/2020,$75.15
280,5020751008979627814,Renado Luca,rluca7r@nydailynews.com,Male,3/20/2020,$42.06
281,5100130114967568,Kelly Iacovone,kiacovone7s@flickr.com,Male,9/8/2019,$86.71
282,4041370088932,Tammie Koopman,tkoopman7t@twitter.com,Male,4/24/2020,$26.98
283,3545123191881107,Stevana Stede,sstede7u@booking.com,Female,10/22/2019,$83.49
284,5123879966143685,Honey Lorenzin,hlorenzin7v@fema.gov,Female,4/27/2020,$82.20
285,5602231801735350,Sawyer Keates,skeates7w@ebay.co.uk,Male,4/29/2020,$29.02
286,5517383528927754,Bee Karpushkin,bkarpushkin7x@bandcamp.com,Female,3/29/2020,$20.23
287,3573362020704669,Pietro Ambrosini,pambrosini7y@cmu.edu,Male,6/28/2019,$78.83
288,3550830345894602,Pavla Gowthorpe,pgowthorpe7z@google.it,Female,11/28/2019,$30.29
289,3571407855868824,Dodi Rawstorn,drawstorn80@msn.com,Female,11/4/2019,$7.41
290,3546246736914981,Andree Craighead,acraighead81@jigsy.com,Female,6/20/2019,$34.78
291,3540961938293747,Nicolas Aitcheson,naitcheson82@vinaora.com,Male,10/22/2019,$49.74
292,3540884100313848,Nicola Pile,npile83@bluehost.com,Female,12/26/2019,$25.06
293,3539729277762355,Maegan Corah,mcorah84@hibu.com,Female,2/25/2020,$28.05
294,5007663007800771,Sisely Whittek,swhittek85@technorati.com,Female,10/30/2019,$93.34
295,3528559908624283,Lucila MacKinnon,lmackinnon86@upenn.edu,Female,5/26/2019,$29.60
296,6333009227382658,Fernande Peplaw,fpeplaw87@slate.com,Female,6/20/2019,$6.87
297,378884436126859,Ansel O'Grada,aograda88@ted.com,Male,2/19/2020,$50.15
298,3583513469132261,Lawton Geertz,lgeertz89@smugmug.com,Male,2/18/2020,$68.58
299,5007660803673733,Kelci MacKellar,kmackellar8a@oakley.com,Female,6/11/2019,$72.37
300,5007660316640971,Camille Blinco,cblinco8b@yale.edu,Female,9/5/2019,$41.18
301,3528374298393147,Joann Prozillo,jprozillo8c@hp.com,Female,10/1/2019,$25.08
302,3582221639043621,Romona Tupie,rtupie8d@dailymail.co.uk,Female,2/21/2020,$45.07
303,5007665170395604,Chucho Blackboro,cblackboro8e@dion.ne.jp,Male,8/9/2019,$23.09
304,201470888071562,Hamnet Wybrow,hwybrow8f@marketwatch.com,Male,12/31/2019,$75.16
305,560223910326227794,Denney Lyes,dlyes8g@walmart.com,Male,6/14/2019,$97.36
306,5048376235041867,Ashton Drews,adrews8h@independent.co.uk,Male,1/27/2020,$63.92
307,4936242002157290060,Haven Krystof,hkrystof8i@cbslocal.com,Male,9/22/2019,$51.29
308,5020058897104173,Fancie Grosvenor,fgrosvenor8j@liveinternet.ru,Female,1/25/2020,$25.38
309,6331105146682015985,Odetta Collett,ocollett8k@discovery.com,Female,4/15/2020,$70.76
310,6762194142266127,Dory Khan,dkhan8l@google.de,Female,8/15/2019,$21.62
311,3586502950115361,Mead McGenn,mmcgenn8m@sun.com,Female,5/31/2019,$70.47
312,372301394714515,Kevin Frick,kfrick8n@nymag.com,Male,1/5/2020,$32.21
313,561046317220891621,Truman Goutcher,tgoutcher8o@dell.com,Male,3/25/2020,$10.88
314,30439215947270,Judye Kinvig,jkinvig8p@digg.com,Female,11/13/2019,$1.06
315,3577928363366575,Findlay Highway,fhighway8q@tamu.edu,Male,12/8/2019,$60.20
316,6759993446263830852,Nahum Episcopio,nepiscopio8r@constantcontact.com,Male,9/12/2019,$44.83
317,3559469067492682,Harrison Benardet,hbenardet8s@wp.com,Male,5/20/2019,$19.92
318,5010123539827516,Tani Mathieu,tmathieu8t@amazonaws.com,Female,11/13/2019,$28.02
319,3569312093572036,Gabie Wittier,gwittier8u@skyrock.com,Female,7/25/2019,$57.29
320,3553188691914251,Anette Wile,awile8v@discovery.com,Female,1/19/2020,$91.89
321,201420007537555,Fairleigh Preshaw,fpreshaw8w@bloomberg.com,Male,3/15/2020,$21.20
322,6304741579171066,Gray Conyers,gconyers8x@a8.net,Female,7/22/2019,$50.38
323,3540525681221062,Euphemia Kittle,ekittle8y@pinterest.com,Female,11/11/2019,$43.16
324,5100146103759808,Alexa Habron,ahabron8z@xing.com,Female,7/9/2019,$62.60
325,5002353360142673,Dido Ishak,dishak90@npr.org,Female,10/18/2019,$1.03
326,30462352678912,Emlen Carlisle,ecarlisle91@edublogs.org,Male,7/22/2019,$8.64
327,3565537016081202,Cly Natt,cnatt92@rambler.ru,Male,3/14/2020,$7.78
328,56022586375302910,Willy Dugood,wdugood93@studiopress.com,Male,5/19/2019,$61.65
329,3535283009666140,Ferrel Martin,fmartin94@reuters.com,Male,9/18/2019,$79.57
330,67635208521835000,Ulrich Jiroutek,ujiroutek95@census.gov,Male,3/22/2020,$56.33
331,3528200218562000,Aida Batthew,abatthew96@ocn.ne.jp,Female,7/25/2019,$77.12
332,3559454381072840,Demetra Cockshot,dcockshot97@toplist.cz,Female,9/4/2019,$77.89
333,30317746565151,Lyndsay Marjot,lmarjot98@google.com.hk,Female,8/17/2019,$54.83
334,6709798031313216,Lanni Athey,lathey99@t.co,Female,11/17/2019,$97.67
335,4041593128978,Quintana Balls,qballs9a@microsoft.com,Female,9/15/2019,$11.99
336,3556372259450349,Anya Jakubski,ajakubski9b@va.gov,Female,5/18/2019,$62.41
337,3572630016256394,Nichol Paladino,npaladino9c@drupal.org,Female,4/20/2020,$1.33
338,374283548130970,Nathaniel Louisot,nlouisot9d@home.pl,Male,6/12/2019,$34.99
339,67638596764992356,Rina Dinse,rdinse9e@vimeo.com,Female,12/19/2019,$49.66
340,6709233776888184755,Celisse McGriffin,cmcgriffin9f@cargocollective.com,Female,4/19/2020,$23.22
341,3573111992828786,Parrnell Prium,pprium9g@chron.com,Male,4/26/2020,$92.66
342,5002355942819041,Cordie Chivers,cchivers9h@who.int,Female,12/30/2019,$45.30
343,201400706896056,Tracey Liggins,tliggins9i@alexa.com,Male,12/18/2019,$33.81
344,4913465963631257,Franzen Mithun,fmithun9j@home.pl,Male,10/22/2019,$22.01
345,3586522157109157,Cleavland Newtown,cnewtown9k@icio.us,Male,7/12/2019,$98.54
346,3555958084130857,Bondon McIlory,bmcilory9l@wix.com,Male,10/7/2019,$3.04
347,4844497001933944,Germayne Sturge,gsturge9m@hibu.com,Male,6/6/2019,$36.45
348,3562709809276678,Timothea Webland,twebland9n@hugedomains.com,Female,7/18/2019,$9.18
349,3568202445873672,Ilise Berrigan,iberrigan9o@sakura.ne.jp,Female,7/13/2019,$39.50
350,3581805639925992,Shermy Tregensoe,stregensoe9p@booking.com,Male,2/13/2020,$91.60
351,3552617714689434,Ferguson Dominelli,fdominelli9q@mit.edu,Male,1/25/2020,$8.69
352,3554079388925115,Christophorus Lundy,clundy9r@is.gd,Male,1/27/2020,$64.46
353,201462596698190,Jinny Greguol,jgreguol9s@bigcartel.com,Female,7/27/2019,$1.22
354,6759246182190538418,Christoffer Trippett,ctrippett9t@skype.com,Male,11/30/2019,$41.78
355,6304016639100558953,Basia Kiessel,bkiessel9u@deviantart.com,Female,4/16/2020,$46.79
356,4917139230981847,Humberto Greenman,hgreenman9v@microsoft.com,Male,9/25/2019,$21.93
357,30336499945840,Hendrik Collingham,hcollingham9w@nhs.uk,Male,10/18/2019,$17.25
358,3559389061279242,Oriana Sargant,osargant9x@paginegialle.it,Female,1/24/2020,$31.38
359,372301500901956,Marlo Durram,mdurram9y@bluehost.com,Male,9/15/2019,$13.63
360,3548961057911568,Caspar Muddicliffe,cmuddicliffe9z@google.com.hk,Male,5/28/2019,$91.25
361,3573878033185943,Skippy Earle,searlea0@webnode.com,Male,10/31/2019,$43.66
362,4405307573878156,Nefen Grishakin,ngrishakina1@cisco.com,Male,5/12/2019,$32.03
363,676750432530117229,Audry Kirkam,akirkama2@dropbox.com,Female,6/5/2019,$83.07
364,5100177570464440,Edik Ewington,eewingtona3@wiley.com,Male,9/10/2019,$97.47
365,5602239882397404,Sheba Edlin,sedlina4@pinterest.com,Female,6/12/2019,$40.15
366,4405725585255990,Garth Bridgett,gbridgetta5@phoca.cz,Male,10/30/2019,$9.76
367,4017955504218072,Wendi Sandbach,wsandbacha6@ft.com,Female,6/30/2019,$30.04
368,6304487002558863,Reed Haining,rhaininga7@twitpic.com,Male,5/21/2019,$66.59
369,3557773664994384,Dore Ellett,delletta8@bbc.co.uk,Male,12/30/2019,$8.40
370,30297774155424,Carling Woolpert,cwoolperta9@smugmug.com,Male,10/2/2019,$91.01
371,67062732825942149,Ermanno Beric,ebericaa@hao123.com,Male,3/9/2020,$37.57
372,6333194265928834,Anissa Alliott,aalliottab@nyu.edu,Female,7/19/2019,$74.42
373,5429303413651241,Bobbi Caslake,bcaslakeac@qq.com,Female,3/28/2020,$27.07
374,3559255525796693,Cash Givens,cgivensad@wikispaces.com,Male,7/22/2019,$87.95
375,56022145273567684,Madelle Rosenfelder,mrosenfelderae@patch.com,Female,9/29/2019,$80.14
376,5277715268323969,Lizette Curd,lcurdaf@toplist.cz,Female,12/3/2019,$35.29
377,4175006217388030,Elayne Maypole,emaypoleag@goo.ne.jp,Female,1/24/2020,$71.83
378,4041374754554,Gustie Varns,gvarnsah@berkeley.edu,Female,5/3/2020,$63.18
379,5610255531428341,Kassi Dilliway,kdilliwayai@samsung.com,Female,4/30/2020,$80.25
380,5602225522334394,Cyrus Bruckstein,cbrucksteinaj@symantec.com,Male,3/5/2020,$32.51
381,3573101640929250,Constantine Nisen,cnisenak@stanford.edu,Female,9/11/2019,$0.01
382,6767043998216451,Sheri Earngy,searngyal@discovery.com,Female,1/24/2020,$43.09
383,560225998142987905,Earle Notley,enotleyam@spotify.com,Male,5/5/2020,$38.00
384,3554033031470128,Wynn Ladel,wladelan@blogs.com,Female,5/30/2019,$73.61
385,3557600006560310,Cary Kalkofen,ckalkofenao@ycombinator.com,Female,11/12/2019,$17.00
386,4508420363565291,Caye Fulham,cfulhamap@about.com,Female,10/27/2019,$31.39
387,4305502776361,Pasquale Sinkin,psinkinaq@gov.uk,Male,6/2/2019,$47.55
388,3531126640661992,Stacia Nisby,snisbyar@abc.net.au,Female,10/13/2019,$76.48
389,30432331719889,Elisa Taylerson,etaylersonas@cnn.com,Female,9/23/2019,$30.02
390,3587875510355068,Codee Moreinis,cmoreinisat@t-online.de,Female,10/20/2019,$13.89
391,374288188493000,Oren Itter,oitterau@salon.com,Male,4/26/2020,$73.40
392,3530231243217357,Brok Minchin,bminchinav@webeden.co.uk,Male,12/31/2019,$28.97
393,3580729014917443,Maisey Penhalurick,mpenhalurickaw@sciencedirect.com,Female,8/13/2019,$13.37
394,675925103732888246,Lisette Cribbott,lcribbottax@ox.ac.uk,Female,2/27/2020,$92.72
395,5602236255099153,Alaster Sibun,asibunay@tiny.cc,Male,11/11/2019,$36.80
396,3576200935785802,Merrill Harburtson,mharburtsonaz@time.com,Female,6/10/2019,$41.31
397,4017954051109172,Pauli Pretti,pprettib0@forbes.com,Female,6/15/2019,$45.92
398,564182695639480179,Johnathan Dacey,jdaceyb1@reddit.com,Male,8/21/2019,$83.59
399,3555497595538688,Donovan Hodcroft,dhodcroftb2@example.com,Male,4/23/2020,$5.44
400,3535998517574425,Lyndsay Sinclar,lsinclarb3@noaa.gov,Female,12/16/2019,$68.33
401,5002352223084833,Dulcinea Tainton,dtaintonb4@e-recht24.de,Female,9/24/2019,$38.04
402,3555574682248866,Robb Armor,rarmorb5@slashdot.org,Male,6/12/2019,$8.77
403,4017953754611,Kimberly Beltzner,kbeltznerb6@wsj.com,Female,11/30/2019,$65.86
404,30114957394367,Hortense Kalaher,hkalaherb7@goo.ne.jp,Female,2/1/2020,$3.22
405,3539504301959636,Penelope Hamberstone,phamberstoneb8@youtube.com,Female,7/20/2019,$34.46
406,3560725525659064,Harmon Lanning,hlanningb9@eventbrite.com,Male,5/15/2019,$70.27
407,56105990155448820,Heath Lawrance,hlawranceba@phoca.cz,Female,4/26/2020,$64.97
408,3589951619534073,Earlie Markus,emarkusbb@sbwire.com,Male,7/16/2019,$89.24
409,4903025942014055169,Shirl Keher,skeherbc@example.com,Female,3/28/2020,$22.18
410,342219407226177,Maxim Vedmore,mvedmorebd@baidu.com,Male,5/31/2019,$79.00
411,6709549900434085634,Sutherlan Wissbey,swissbeybe@xinhuanet.com,Male,7/10/2019,$74.49
412,5602222506245209,Anet Hentzer,ahentzerbf@newsvine.com,Female,11/22/2019,$72.34
413,3539726982981353,Silvia Measures,smeasuresbg@bandcamp.com,Female,11/26/2019,$41.29
414,3572728272791565,Celie MacAlpine,cmacalpinebh@berkeley.edu,Female,8/7/2019,$78.64
415,3539089723686801,Inesita Aldritt,ialdrittbi@vistaprint.com,Female,12/3/2019,$14.55
416,4041598269221533,Spenser Francais,sfrancaisbj@bbb.org,Male,3/22/2020,$20.52
417,5048375928749125,Shaina Harbertson,sharbertsonbk@jigsy.com,Female,6/11/2019,$25.47
418,3533987336649668,Daryl Mechan,dmechanbl@archive.org,Female,2/1/2020,$4.22
419,3554080986776991,Bebe Jellico,bjellicobm@java.com,Female,3/10/2020,$93.55
420,3582458239032634,Sinclare Kelsey,skelseybn@cdbaby.com,Male,4/1/2020,$66.42
421,5602240397567416,Daryl Handscomb,dhandscombbo@hostgator.com,Male,4/10/2020,$65.84
422,4127703340833,Norene Cockcroft,ncockcroftbp@whitehouse.gov,Female,7/11/2019,$12.95
423,343046533635693,Wake Matyatin,wmatyatinbq@cnbc.com,Male,8/2/2019,$87.27
424,3585000653240470,Adelina Barbey,abarbeybr@mapy.cz,Female,5/6/2020,$82.27
425,201794828765938,Vassily Malthus,vmalthusbs@howstuffworks.com,Male,1/26/2020,$82.44
426,3570174161329443,Mortie Shrive,mshrivebt@stumbleupon.com,Male,7/23/2019,$77.95
427,67711014080489966,Vasilis Rulf,vrulfbu@wikipedia.org,Male,3/18/2020,$31.91
428,3554757910194439,Burgess Meneux,bmeneuxbv@geocities.com,Male,4/2/2020,$30.79
429,337941564014636,Carie Churchouse,cchurchousebw@va.gov,Female,2/16/2020,$69.06
430,3570021301521233,Chaunce Ventom,cventombx@webmd.com,Male,5/28/2019,$10.88
431,6333428240325583180,Cobbie Pock,cpockby@linkedin.com,Male,8/19/2019,$4.97
432,6759998745872973,Paulita Bendix,pbendixbz@walmart.com,Female,8/26/2019,$3.97
433,5602224196728304,Scot Poyser,spoyserc0@sbwire.com,Male,1/11/2020,$47.23
434,5100144221692175,Abbi Clarage,aclaragec1@cbslocal.com,Female,1/23/2020,$96.53
435,3539366115775800,Elsbeth Hegley,ehegleyc2@blinklist.com,Female,6/2/2019,$71.96
436,3581249603514286,Lorenzo McCosh,lmccoshc3@miitbeian.gov.cn,Male,8/2/2019,$82.04
437,3554936409406195,Brandy Pensom,bpensomc4@vinaora.com,Male,11/17/2019,$37.75
438,3582232578771429,Pippy O' Dooley,poc5@ask.com,Female,4/14/2020,$82.78
439,3569299371956215,Cleo Vasovic,cvasovicc6@vimeo.com,Female,11/12/2019,$41.84
440,5610353483765417813,Brandon Danzey,bdanzeyc7@nba.com,Male,10/5/2019,$99.34
441,3563755410796561,Idalina Konke,ikonkec8@dyndns.org,Female,4/30/2020,$59.70
442,3558343471347751,Ody Muncer,omuncerc9@youtu.be,Male,9/18/2019,$11.56
443,3544523874874231,Sander Hattrick,shattrickca@google.co.jp,Male,3/27/2020,$19.00
444,3589916407393131,Clevey Carleman,ccarlemancb@yale.edu,Male,3/22/2020,$27.71
445,349720550294006,Ceciley Janiszewski,cjaniszewskicc@plala.or.jp,Female,5/15/2019,$30.35
446,3576572796710222,Crystie Giovannacc@i,cgiovannaccicd@google.com.hk,Female,6/16/2019,$23.46
447,633381839539307031,Abeu Capsey,acapseyce@newsvine.com,Male,11/20/2019,$20.03
448,0604178112474265970,Libbie Benne,lbennecf@nsw.gov.au,Female,4/14/2020,$80.17
449,4041593749005,Kristina Meysham,kmeyshamcg@sbwire.com,Female,7/24/2019,$50.17
450,5641823870686613859,Gayel Mattia,gmattiach@seesaa.net,Female,1/10/2020,$50.41
451,3554275094139286,Gene Tapper,gtapperci@php.net,Male,6/20/2019,$39.43
452,201931728593503,Bernardine Cuniam,bcuniamcj@dot.gov,Female,10/12/2019,$85.15
453,3556283310344241,Filippo Klauer,fklauerck@ebay.com,Male,7/27/2019,$64.99
454,3529345305452851,Tamas Brosetti,tbrosetticl@51.la,Male,1/16/2020,$36.84
455,201672988271162,Lem Galey,lgaleycm@huffingtonpost.com,Male,7/12/2019,$18.88
456,5602216017015242,Howey Dyne,hdynecn@bloomberg.com,Male,10/10/2019,$43.49
457,4508066227808987,Mommy Doogan,mdooganco@abc.net.au,Female,2/15/2020,$47.24
458,5100149959681514,Nickie Dransfield,ndransfieldcp@w3.org,Male,12/11/2019,$74.79
459,3588300685774976,Ewell Innett,einnettcq@pen.io,Male,6/5/2019,$66.82
460,3573772073220332,Noll Canwell,ncanwellcr@ifeng.com,Male,3/28/2020,$21.84
461,30484253808349,Kaleena Downham,kdownhamcs@vistaprint.com,Female,11/11/2019,$52.09
462,4026102733691204,Joly Boulder,jboulderct@howstuffworks.com,Female,11/19/2019,$77.19
463,6762109829426091,Lew Pedroli,lpedrolicu@ft.com,Male,8/28/2019,$45.87
464,676377456596208781,Cheston Petigrew,cpetigrewcv@ehow.com,Male,12/17/2019,$9.95
465,5893122562127546799,Melonie Gage,mgagecw@unblog.fr,Female,10/5/2019,$57.05
466,5602228602724435,Lindsey Cobby,lcobbycx@gizmodo.com,Female,11/24/2019,$2.62
467,6767980392103407,Joeann Leal,jlealcy@domainmarket.com,Female,11/18/2019,$77.36
468,3539527670193149,Calhoun Sheward,cshewardcz@wsj.com,Male,12/23/2019,$41.67
469,491151263573887884,Jessa Smethurst,jsmethurstd0@tiny.cc,Female,11/1/2019,$83.50
470,5010127539833754,Richie Sancho,rsanchod1@ehow.com,Male,5/20/2019,$1.19
471,4844094980952027,Gianina Brookwell,gbrookwelld2@csmonitor.com,Female,2/20/2020,$90.35
472,3538052501191643,Jonah Skilling,jskillingd3@com.com,Male,11/3/2019,$39.61
473,3530449121049516,Van Pennacci,vpennaccid4@deliciousdays.com,Female,2/1/2020,$86.14
474,201621764848644,Arther Dottridge,adottridged5@comcast.net,Male,6/7/2019,$0.94
475,4905062497354322,Courtnay Sherrington,csherringtond6@yahoo.co.jp,Female,4/28/2020,$34.74
476,4175001627198947,Forest Vidineev,fvidineevd7@bbc.co.uk,Male,3/26/2020,$69.19
477,6759400924812789,Nappie Bentinck,nbentinckd8@php.net,Male,8/17/2019,$9.40
478,3574494660405205,Bobbye Reavey,breaveyd9@qq.com,Female,11/18/2019,$86.95
479,201759077428470,Raina Bedow,rbedowda@networksolutions.com,Female,2/16/2020,$11.61
480,5535199489168859,Quincey Wilbud,qwilbuddb@redcross.org,Male,7/1/2019,$88.16
481,3569574005263125,Charlena Splain,csplaindc@networkadvertising.org,Female,9/1/2019,$88.81
482,4026323122809286,Gabbey Pencost,gpencostdd@themeforest.net,Female,5/6/2020,$4.87
483,3575322753970547,Vanya Risbrough,vrisbroughde@mit.edu,Female,12/12/2019,$43.28
484,6762622610990785027,Mary Minogue,mminoguedf@dyndns.org,Female,12/23/2019,$74.66
485,4936361592526363254,Dwayne Falloon,dfalloondg@unicef.org,Male,3/16/2020,$97.73
486,3542132612949438,Katheryn Foote,kfootedh@uol.com.br,Female,5/27/2019,$32.44
487,201651263539329,Stevie Gerardet,sgerardetdi@walmart.com,Male,2/17/2020,$88.25
488,676738728462107055,Latashia O'Fogerty,lofogertydj@mayoclinic.com,Female,11/25/2019,$51.33
489,5010122301119227,Clevey Moyle,cmoyledk@statcounter.com,Male,12/8/2019,$40.15
490,675952357625607396,Ignacio Stotherfield,istotherfielddl@cloudflare.com,Male,9/24/2019,$64.28
491,5893985064732077,Frederigo Shoubridge,fshoubridgedm@usa.gov,Male,5/28/2019,$45.37
492,5602252173609148,Gino Yakubovich,gyakubovichdn@canalblog.com,Male,11/15/2019,$26.56
493,5602231219170445105,Wilow Bissex,wbissexdo@businessweek.com,Female,4/3/2020,$92.72
494,3558386514401390,Coretta Fuke,cfukedp@baidu.com,Female,11/4/2019,$69.45
495,3541591232810794,Michele Ansell,manselldq@naver.com,Male,11/14/2019,$19.96
496,3587978400321321,Griffin Breadon,gbreadondr@miibeian.gov.cn,Male,6/11/2019,$98.98
497,3576808979572579,Levey Garwell,lgarwellds@t.co,Male,1/16/2020,$62.94
498,3579935837680034,Augie Ackroyd,aackroyddt@addtoany.com,Male,7/15/2019,$8.95
499,3565672110929632,Almire Bwye,abwyedu@columbia.edu,Female,1/22/2020,$68.48
500,4175003517583931,Forest Buckam,fbuckamdv@vk.com,Male,5/2/2020,$81.61
501,56022429351488777,Balduin Aymeric,baymericdw@eventbrite.com,Male,10/24/2019,$95.66
502,3539340469358679,Giffie Pautot,gpautotdx@microsoft.com,Male,1/21/2020,$15.76
503,3536818014170098,Pearce Ashworth,pashworthdy@telegraph.co.uk,Male,4/24/2020,$10.12
504,4041590966754825,Nicholas Pickering,npickeringdz@hostgator.com,Male,1/10/2020,$6.03
505,633459586822585982,Derwin Fruser,dfrusere0@geocities.jp,Male,12/2/2019,$62.34
506,3589762424067104,Kordula Jovicic,kjovicice1@slideshare.net,Female,6/4/2019,$57.81
507,4905704784235587,Liane Prior,lpriore2@aol.com,Female,10/30/2019,$27.43
508,3583556928482280,Marj Ector,mectore3@ameblo.jp,Female,3/13/2020,$61.07
509,5602216031041612,Fransisco Hemmingway,fhemmingwaye4@multiply.com,Male,3/29/2020,$47.31
510,3578365372077274,Osbert Cressingham,ocressinghame5@scientificamerican.com,Male,11/12/2019,$70.36
511,5602238729317008999,Margareta Crichmere,mcrichmeree6@reddit.com,Female,12/15/2019,$87.37
512,6333626400940737,Bentlee Lawn,blawne7@geocities.com,Male,6/6/2019,$75.36
513,30330319620378,Jedidiah Sumpner,jsumpnere8@lulu.com,Male,3/8/2020,$33.92
514,5602253225341722,Trumaine Thorsby,tthorsbye9@google.pl,Male,8/19/2019,$72.76
515,5525367578860940,Che Morteo,cmorteoea@guardian.co.uk,Male,8/26/2019,$10.98
516,340432646409122,Ebeneser Emeney,eemeneyeb@state.tx.us,Male,4/10/2020,$24.75
517,3588477952899221,Laurence Ruzek,lruzekec@gov.uk,Male,7/26/2019,$68.18
518,5552645177268664,Olly Martinat,omartinated@tiny.cc,Female,10/21/2019,$74.72
519,5602252273460236,Miguelita Huton,mhutonee@seattletimes.com,Female,5/10/2020,$63.58
520,201891683398506,Billie Harkin,bharkinef@nps.gov,Male,2/22/2020,$61.23
521,5596964225903323,Hadley Bicheno,hbichenoeg@nasa.gov,Male,11/7/2019,$60.37
522,63045469502528575,Hube Castelyn,hcastelyneh@vkontakte.ru,Male,12/9/2019,$25.18
523,3528994617300737,Chadd Eccleshare,ceccleshareei@printfriendly.com,Male,3/20/2020,$6.22
524,3570594313045912,Ninnetta Levet,nlevetej@indiegogo.com,Female,5/14/2019,$87.24
525,3584913645822141,Elka Titcomb,etitcombek@weather.com,Female,10/17/2019,$18.67
526,3569404854056679,Ola Murt,omurtel@shop-pro.jp,Female,4/14/2020,$40.10
527,3557548144575809,Tristam Deviney,tdevineyem@t.co,Male,12/1/2019,$95.85
528,3544497310973701,Raf Bumphries,rbumphriesen@intel.com,Female,9/27/2019,$3.28
529,3548902458548724,Charlot McGaughay,cmcgaughayeo@springer.com,Female,6/21/2019,$62.81
530,3542624195558016,Chandal Blum,cblumep@ca.gov,Female,9/23/2019,$49.25
531,4175009770537274,Austin Sapsforde,asapsfordeeq@weather.com,Female,8/28/2019,$15.72
532,5610728501004383,Bobina Wellbeloved,bwellbeloveder@ycombinator.com,Female,6/18/2019,$30.80
533,3551729034595679,Bartholemy Symms,bsymmses@nymag.com,Male,3/4/2020,$45.32
534,3534844468739800,Charmine Drakes,cdrakeset@diigo.com,Female,6/4/2019,$72.00
535,5610487032180189538,Kimberlee Roskeilly,kroskeillyeu@unblog.fr,Female,6/10/2019,$5.20
536,3552562458297996,Ahmed Dalglish,adalglishev@desdev.cn,Male,3/12/2020,$70.54
537,633110208199389200,Karyn Aplin,kaplinew@theatlantic.com,Female,9/8/2019,$83.59
538,30431940159537,Maynard Kinch,mkinchex@google.de,Male,11/5/2019,$14.94
539,345758375273197,Melantha Brealey,mbrealeyey@uiuc.edu,Female,5/4/2020,$57.53
540,3547555282497897,Tanny Duxbarry,tduxbarryez@cnbc.com,Male,12/6/2019,$28.59
541,560223016296904709,Thayne Oakton,toaktonf0@java.com,Male,8/9/2019,$91.69
542,4074899212402,Kendall Peskin,kpeskinf1@alexa.com,Male,1/2/2020,$3.00
543,675984969194036435,Wilburt Cabel,wcabelf2@ucla.edu,Male,12/18/2019,$3.46
544,56022422418541035,Randi Trevers,rtreversf3@cbc.ca,Male,10/23/2019,$11.10
545,6767207206371365331,Jedediah Feast,jfeastf4@naver.com,Male,3/18/2020,$23.67
546,3536957961720248,Alissa Tosspell,atosspellf5@diigo.com,Female,9/17/2019,$6.82
547,3585714114932752,Kelli Castanaga,kcastanagaf6@blogtalkradio.com,Female,7/13/2019,$85.89
548,6397805515480390,Laurice Iacobucci,liacobuccif7@usgs.gov,Female,3/14/2020,$59.63
549,3582998021624197,Wilmette Gulston,wgulstonf8@marriott.com,Female,3/8/2020,$1.10
550,3542034278076672,Rafi Luigi,rluigif9@amazonaws.com,Male,3/17/2020,$82.13
551,3566361896136146,Aldon Gudyer,agudyerfa@java.com,Male,9/26/2019,$54.52
552,3588034793140982,Aileen Mellhuish,amellhuishfb@bandcamp.com,Female,3/20/2020,$73.95
553,201998172387336,Germain Keers,gkeersfc@goo.ne.jp,Female,10/13/2019,$95.10
554,3550632294552607,Devonne Maber,dmaberfd@guardian.co.uk,Female,6/26/2019,$53.50
555,3543741545084797,Feodor Eastup,feastupfe@mapquest.com,Male,2/25/2020,$39.41
556,374283614270015,Parker Stienton,pstientonff@aboutads.info,Male,3/7/2020,$14.93
557,3532149845046412,Eugene Doley,edoleyfg@technorati.com,Male,6/10/2019,$6.15
558,3581134063486482,Lynna Flips,lflipsfh@exblog.jp,Female,5/6/2020,$49.10
559,677130327375376584,Maris Loveredge,mloveredgefi@google.com,Female,4/14/2020,$71.11
560,6706139785442062,Mordecai Mattia,mmattiafj@etsy.com,Male,5/26/2019,$42.61
561,3546068964989216,Kayne Maffioletti,kmaffiolettifk@domainmarket.com,Male,8/18/2019,$38.33
562,5010127272423011,Edlin Butrimovich,ebutrimovichfl@virginia.edu,Male,6/18/2019,$87.70
563,3539990449908421,Bibi Vakhrushin,bvakhrushinfm@desdev.cn,Female,10/12/2019,$47.43
564,4017951785757,Iggy Abbitt,iabbittfn@elpais.com,Male,12/17/2019,$66.05
565,3576483254884923,Keely Bligh,kblighfo@deliciousdays.com,Female,8/26/2019,$74.28
566,3577652297783263,Gibbie Mallen,gmallenfp@de.vu,Male,6/1/2019,$25.38
567,3575402055055369,Darill Asey,daseyfq@fotki.com,Male,9/30/2019,$81.91
568,5100133534584278,Hector Orbine,horbinefr@hao123.com,Male,3/4/2020,$30.31
569,676701557361888629,Ebeneser O'Corr,eocorrfs@scribd.com,Male,12/10/2019,$93.45
570,5100178490366830,Cad Readshall,creadshallft@nydailynews.com,Male,1/5/2020,$34.84
571,3587980116642677,Monah Antonescu,mantonescufu@earthlink.net,Female,1/1/2020,$34.89
572,490595012817940504,Shayla Pilling,spillingfv@ifeng.com,Female,12/29/2019,$74.85
573,490330133272642599,Lorenza Duprey,ldupreyfw@netvibes.com,Female,9/11/2019,$86.62
574,3562257507413987,Zelda Tribell,ztribellfx@sun.com,Female,10/2/2019,$2.69
575,374283247200538,Emanuel Karlicek,ekarlicekfy@msu.edu,Male,2/19/2020,$36.56
576,36667453559829,Claude Tight,ctightfz@reddit.com,Female,4/3/2020,$26.19
577,3543250189192064,Sibelle Zima,szimag0@msn.com,Female,7/7/2019,$5.71
578,6331108144644191421,Dewie Gromley,dgromleyg1@timesonline.co.uk,Male,2/9/2020,$31.73
579,3532034423865591,Ring Minchi,rminchig2@tinypic.com,Male,3/23/2020,$72.67
580,3541163191880620,Sigvard Pietraszek,spietraszekg3@sfgate.com,Male,3/9/2020,$65.82
581,3549403450607799,Hal Sanchez,hsanchezg4@businessweek.com,Male,5/18/2019,$59.67
582,201436030151792,Maryann Finnimore,mfinnimoreg5@flavors.me,Female,1/29/2020,$71.25
583,201765600231034,Corey Vellacott,cvellacottg6@wikia.com,Male,8/6/2019,$67.55
584,6331102385317112972,Wilona Simmonds,wsimmondsg7@army.mil,Female,4/30/2020,$92.38
585,3552626306744697,Brandais Ganiclef,bganiclefg8@google.co.jp,Female,8/10/2019,$81.04
586,348206951199607,Charlie Ascroft,cascroftg9@toplist.cz,Male,6/21/2019,$43.54
587,3528866921461415,Arlen Drew,adrewga@businessinsider.com,Male,11/5/2019,$29.83
588,5048378517661354,Haskel Fulun,hfulungb@hc360.com,Male,10/6/2019,$60.78
589,5100145454403719,Chrotoem Syres,csyresgc@dyndns.org,Male,1/5/2020,$15.84
590,3581085807093531,Mahalia Chaperling,mchaperlinggd@vistaprint.com,Female,3/7/2020,$76.57
591,493687892909729433,Barbie Ackenhead,backenheadge@apache.org,Female,3/6/2020,$61.32
592,5602247357250585861,Wyatt Baine,wbainegf@fc2.com,Male,4/25/2020,$47.93
593,5602213612354670,Dante Pyzer,dpyzergg@virginia.edu,Male,11/17/2019,$76.42
594,6304055112362663756,Chauncey Fairham,cfairhamgh@ask.com,Male,4/16/2020,$99.08
595,5007663066284107,Reta Eunson,reunsongi@unicef.org,Female,4/8/2020,$10.19
596,374283949177588,Melosa Suero,msuerogj@nifty.com,Female,4/7/2020,$60.27
597,201895605983873,Gabriell Coggins,gcogginsgk@angelfire.com,Female,8/1/2019,$9.22
598,3575510171295287,Malory Pitway,mpitwaygl@deviantart.com,Female,2/13/2020,$11.84
599,5602215825874402,Betteanne Gouck,bgouckgm@wikispaces.com,Female,7/13/2019,$95.24
600,5548698909252024,Christean Gwillim,cgwillimgn@stanford.edu,Female,10/30/2019,$33.71
601,3536325946006754,Mitchael Roelofsen,mroelofsengo@rakuten.co.jp,Male,6/24/2019,$43.28
602,4508671250052740,Bail Patters,bpattersgp@theguardian.com,Male,8/18/2019,$78.05
603,5602236329498183,Blondell Kenan,bkenangq@unesco.org,Female,6/27/2019,$50.67
604,3530564410435844,Tibold Kinahan,tkinahangr@macromedia.com,Male,11/14/2019,$58.10
605,4938590026513449,Barde York,byorkgs@samsung.com,Male,7/5/2019,$28.63
606,3589034828404519,Ty McSpirron,tmcspirrongt@networkadvertising.org,Male,11/10/2019,$79.50
607,3532456113087238,Lamar Pendry,lpendrygu@ihg.com,Male,4/25/2020,$34.69
608,4905355077296446,Magdalen Gravie,mgraviegv@samsung.com,Female,6/29/2019,$87.84
609,3567432986665572,Conant Clayworth,cclayworthgw@yahoo.com,Male,12/18/2019,$22.08
610,3564669212288488,Asia Bertouloume,abertouloumegx@godaddy.com,Female,11/25/2019,$22.99
611,3580041025832490,Yetta Gilliam,ygilliamgy@linkedin.com,Female,12/14/2019,$61.42
612,3547152191212888,Pen Klagge,pklaggegz@phoca.cz,Male,1/29/2020,$42.42
613,6331102176628841,Joceline Springthorpe,jspringthorpeh0@deliciousdays.com,Female,6/21/2019,$96.67
614,3542821039348311,Jackson MacTrustie,jmactrustieh1@ibm.com,Male,2/14/2020,$47.81
615,3576593589406760,Oona Biggadyke,obiggadykeh2@who.int,Female,11/29/2019,$36.48
616,5002351697923187,Wallie Timmons,wtimmonsh3@alibaba.com,Female,7/3/2019,$5.68
617,3589337958825431,Kelbee Ventura,kventurah4@yahoo.co.jp,Male,3/8/2020,$31.87
618,4905727253759121315,Sherrie Cuddehay,scuddehayh5@archive.org,Female,12/16/2019,$26.09
619,3566444663458636,Karlis Dottrell,kdottrellh6@imgur.com,Male,10/16/2019,$96.49
620,5285709301797693,Esmeralda Archley,earchleyh7@google.com.au,Female,9/29/2019,$45.02
621,3528882033546498,Job Tabram,jtabramh8@chron.com,Male,2/29/2020,$63.56
622,3582215101286338,Matthieu Minto,mmintoh9@altervista.org,Male,3/1/2020,$31.18
623,3553469514427808,Kassey Sawl,ksawlha@vistaprint.com,Female,1/14/2020,$76.93
624,201577988044669,Florry Morrad,fmorradhb@free.fr,Female,7/24/2019,$8.87
625,3553422056139596,Sybyl Rentoll,srentollhc@army.mil,Female,1/26/2020,$58.97
626,3541705849900760,Evelina Gabbidon,egabbidonhd@edublogs.org,Female,11/11/2019,$14.29
627,5893753371831754301,Alexa Tamburi,atamburihe@lulu.com,Female,2/3/2020,$74.94
628,3556674881967370,Bryna McAndrew,bmcandrewhf@wired.com,Female,6/16/2019,$91.60
629,201488163230646,Gwyneth Sycamore,gsycamorehg@example.com,Female,4/28/2020,$44.44
630,374288389364190,Wolfy McKmurrie,wmckmurriehh@gravatar.com,Male,2/26/2020,$23.03
631,50182236653522636,Brandea Vitte,bvittehi@kickstarter.com,Female,8/22/2019,$58.89
632,4917278116522844,Sascha MacGiany,smacgianyhj@soup.io,Male,5/25/2019,$41.01
633,3545784754292626,Early McKevitt,emckevitthk@intel.com,Male,6/22/2019,$64.56
634,3562752808475321,Adrianna Batting,abattinghl@amazon.de,Female,4/3/2020,$93.96
635,3542910266064251,Sinclair Massen,smassenhm@geocities.com,Male,2/28/2020,$15.35
636,30246596381379,Nike Vlasenkov,nvlasenkovhn@constantcontact.com,Female,11/18/2019,$4.22
637,3577347039029972,Jemmie Silbert,jsilbertho@angelfire.com,Female,8/17/2019,$57.55
638,30098094283585,Hughie Kinavan,hkinavanhp@nbcnews.com,Male,9/2/2019,$80.21
639,5002350709900043,Hayyim Scourge,hscourgehq@eventbrite.com,Male,1/27/2020,$30.03
640,3540108853631150,Ambrose Corish,acorishhr@patch.com,Male,6/21/2019,$99.35
641,3543825368961643,Jami Wither,jwitherhs@fc2.com,Female,9/7/2019,$35.37
642,3565135467460858,Chaim Law,clawht@tinypic.com,Male,1/30/2020,$74.10
643,5048377563052005,Nathanael Iveson,nivesonhu@yellowpages.com,Male,1/17/2020,$37.41
644,4844535649571046,Collette Mintoft,cmintofthv@engadget.com,Female,3/13/2020,$76.52
645,379733471841337,Mychal Charles,mcharleshw@epa.gov,Male,5/31/2019,$61.49
646,30223189726229,Glennie Lemmens,glemmenshx@parallels.com,Female,6/2/2019,$40.51
647,3541184196129664,Siegfried De Gowe,sdehy@cbc.ca,Male,10/12/2019,$32.47
648,4844971215133764,Cirillo Anstead,cansteadhz@answers.com,Male,1/25/2020,$54.83
649,3528939714296890,Beilul Docherty,bdochertyi0@cisco.com,Female,11/13/2019,$86.01
650,3563370438976904,Shurlock Stops,sstopsi1@cocolog-nifty.com,Male,8/1/2019,$92.83
651,6304679195905030,Burt Brockley,bbrockleyi2@unc.edu,Male,3/8/2020,$34.68
652,4026353256543906,Ethelyn Tubridy,etubridyi3@webeden.co.uk,Female,4/7/2020,$89.78
653,3588987579472194,Sophi Jackes,sjackesi4@mac.com,Female,2/5/2020,$87.93
654,4041594218445604,Algernon Levet,aleveti5@stanford.edu,Male,3/7/2020,$71.31
655,4017957942701347,Jeana Seel,jseeli6@vkontakte.ru,Female,4/26/2020,$96.74
656,3560446877452277,Elfrida Matyja,ematyjai7@java.com,Female,3/14/2020,$64.45
657,3553414932833310,Penelopa Hane,phanei8@timesonline.co.uk,Female,5/11/2019,$31.97
658,3538391486418955,Jilly Lowres,jlowresi9@usda.gov,Female,5/1/2020,$99.59
659,3551989396312309,Agathe Sesser,asesseria@xrea.com,Female,2/18/2020,$25.34
660,490384182938199713,Levy Surgen,lsurgenib@hao123.com,Male,10/18/2019,$19.98
661,3586054508361600,Joseph Dane,jdaneic@samsung.com,Male,5/16/2019,$74.77
662,5602222322288347386,Prudy Clausson,pclaussonid@diigo.com,Female,10/8/2019,$84.60
663,3540076679926890,Mada Matuszyk,mmatuszykie@linkedin.com,Female,7/14/2019,$8.47
664,3543573125757025,Nickolai McClean,nmccleanif@phoca.cz,Male,6/13/2019,$56.68
665,374283389844242,Josey Axcel,jaxcelig@eepurl.com,Female,3/6/2020,$17.45
666,373356709288117,Edouard Blenkinsopp,eblenkinsoppih@cbslocal.com,Male,11/6/2019,$15.65
667,4508696678106109,Madalyn Kingsman,mkingsmanii@unicef.org,Female,10/2/2019,$16.26
668,3557725756195460,Sibbie Edmenson,sedmensonij@friendfeed.com,Female,12/14/2019,$34.14
669,3578315397998681,Isahella Minithorpe,iminithorpeik@csmonitor.com,Female,1/5/2020,$43.01
670,5020825507036981,Gabriel Watman,gwatmanil@google.co.uk,Male,9/8/2019,$38.53
671,560221500951550677,Bryanty Starzaker,bstarzakerim@behance.net,Male,7/8/2019,$69.89
672,3539865856086905,Clarabelle Larman,clarmanin@barnesandnoble.com,Female,3/27/2020,$15.85
673,4041371742119348,Wayland Pashen,wpashenio@google.fr,Male,1/2/2020,$44.20
674,3562460100119593,Gabie Kennermann,gkennermannip@washingtonpost.com,Male,8/19/2019,$95.51
675,58934041005542843,Edee Hanniger,ehannigeriq@typepad.com,Female,12/6/2019,$95.75
676,5602242123994666,Reese Ivankovic,rivankovicir@sfgate.com,Male,4/14/2020,$5.39
677,3530241421870935,Madelene Oxbe,moxbeis@a8.net,Female,12/12/2019,$96.55
678,3549322777959735,Bond Littleproud,blittleproudit@nydailynews.com,Male,7/12/2019,$6.44
679,371892324958025,Colman Winckworth,cwinckworthiu@google.com,Male,7/17/2019,$8.08
680,3572164227508781,Cory Gorcke,cgorckeiv@economist.com,Male,4/8/2020,$39.36
681,3544880657974087,Will Jenny,wjennyiw@nytimes.com,Male,3/21/2020,$54.00
682,5602231402914974,Edik Steere,esteereix@tinyurl.com,Male,4/19/2020,$20.28
683,06045687595809235,Norris Paddick,npaddickiy@nymag.com,Male,5/11/2019,$95.55
684,63045361219111508,Clea Pionter,cpionteriz@boston.com,Female,3/17/2020,$61.43
685,5010122428167091,Sayre Clapton,sclaptonj0@house.gov,Male,3/11/2020,$34.80
686,4041372176013221,Ralf Finnan,rfinnanj1@imdb.com,Male,3/4/2020,$40.87
687,30304573107059,Christye Bris,cbrisj2@dion.ne.jp,Female,7/10/2019,$19.78
688,5100178777596539,Magda Doerren,mdoerrenj3@linkedin.com,Female,4/21/2020,$31.23
689,4903453831311093174,Adara Lardiner,alardinerj4@mysql.com,Female,11/19/2019,$82.23
690,6759020987428163025,Melania Gemson,mgemsonj5@google.de,Female,6/19/2019,$68.02
691,675970565000623618,Emmy Kestell,ekestellj6@examiner.com,Female,4/9/2020,$54.46
692,5602214144821244,Gusty Maginot,gmaginotj7@buzzfeed.com,Female,6/3/2019,$80.89
693,30136241460001,Woodman Simnor,wsimnorj8@java.com,Male,1/14/2020,$17.26
694,3531843147445741,Hedi Essex,hessexj9@fastcompany.com,Female,1/3/2020,$60.36
695,201831213306702,Matty Schapero,mschaperoja@weather.com,Female,8/8/2019,$19.37
696,67633320420093409,Wally Dodgshun,wdodgshunjb@huffingtonpost.com,Male,2/6/2020,$69.84
697,3575553776065036,Dallis Curado,dcuradojc@cbsnews.com,Male,6/9/2019,$3.94
698,374283181483629,Row Benam,rbenamjd@aol.com,Female,12/7/2019,$12.55
699,3538488644522064,Eileen Andrejs,eandrejsje@weather.com,Female,3/9/2020,$81.11
700,4017956590772,Crissy Sunner,csunnerjf@umich.edu,Female,9/26/2019,$69.28
701,374622998096167,Sherwin Pinching,spinchingjg@nature.com,Male,9/1/2019,$28.52
702,4175005986516052,Nicolas Gilham,ngilhamjh@msn.com,Male,5/17/2019,$9.37
703,3541874989933401,Salomo Frantzeni,sfrantzeniji@vistaprint.com,Male,4/24/2020,$98.41
704,377802686874243,Kevyn Miskin,kmiskinjj@globo.com,Female,8/31/2019,$70.22
705,5010128006409052,Kerry Kroll,kkrolljk@whitehouse.gov,Male,6/18/2019,$98.08
706,5602211081069050,Rodi O'Quin,roquinjl@oakley.com,Female,12/11/2019,$3.62
707,4405569977403861,Hadrian McNeely,hmcneelyjm@nba.com,Male,4/8/2020,$97.61
708,3543390575893030,Bron Labbe,blabbejn@i2i.jp,Male,1/15/2020,$92.54
709,30468997359628,Carce Willder,cwillderjo@va.gov,Male,12/29/2019,$36.19
710,6763042921074771217,Trenton Kilvington,tkilvingtonjp@eepurl.com,Male,7/7/2019,$21.27
711,4936879784489794675,Alleyn Firmin,afirminjq@hubpages.com,Male,11/21/2019,$69.71
712,3589358573213373,Joel Strowther,jstrowtherjr@accuweather.com,Male,5/8/2020,$51.05
713,5602229586555266,Adrianna Dyshart,adyshartjs@google.it,Female,2/16/2020,$16.43
714,4508831758684838,Clemmie Maase,cmaasejt@comcast.net,Female,11/2/2019,$80.93
715,5038981478087352,Cornell Gronaller,cgronallerju@spiegel.de,Male,2/14/2020,$62.59
716,3547006703524513,Jolie Cadman,jcadmanjv@bbc.co.uk,Female,6/9/2019,$32.06
717,676290368179656225,Jan Iskowitz,jiskowitzjw@jugem.jp,Female,7/3/2019,$97.39
718,5443653877372516,Nisse Arnhold,narnholdjx@cpanel.net,Female,6/28/2019,$89.98
719,4041376303398389,Marjorie Fenny,mfennyjy@google.co.uk,Female,6/20/2019,$90.40
720,676141384025312179,Wallas Powter,wpowterjz@so-net.ne.jp,Male,11/8/2019,$56.34
721,3570386968960770,Hansiain Rendbaek,hrendbaekk0@hc360.com,Male,11/18/2019,$86.26
722,6304268443684228272,William Pasque,wpasquek1@hc360.com,Male,6/4/2019,$34.51
723,3529289331225503,Ag Filippone,afilipponek2@walmart.com,Female,1/29/2020,$61.02
724,3533503986551292,Paquito Cowcha,pcowchak3@theguardian.com,Male,10/22/2019,$61.68
725,201702657298368,Devin Balaizot,dbalaizotk4@biglobe.ne.jp,Female,7/22/2019,$24.06
726,63043788857786534,Davide Hazeldean,dhazeldeank5@hugedomains.com,Male,1/5/2020,$32.53
727,374283855762936,Kerr Blas,kblask6@jugem.jp,Male,3/22/2020,$50.09
728,5602211856385673,Nikolaos Glauber,nglauberk7@cmu.edu,Male,1/23/2020,$33.44
729,5100177488922802,Karol Kennon,kkennonk8@paginegialle.it,Female,5/15/2019,$31.07
730,345290236963238,Antonetta Gissing,agissingk9@mac.com,Female,6/28/2019,$75.31
731,5020052665958563959,Brena Patillo,bpatilloka@nyu.edu,Female,4/10/2020,$48.94
732,201586747673577,Ella Pinnock,epinnockkb@virginia.edu,Female,1/17/2020,$20.99
733,3566723921864929,Merrielle Jacobbe,mjacobbekc@accuweather.com,Female,4/30/2020,$11.18
734,5602259842339080427,Bridget Blowick,bblowickkd@indiegogo.com,Female,11/22/2019,$1.43
735,3543632718166059,Flynn Lingfoot,flingfootke@comcast.net,Male,3/15/2020,$25.80
736,3588585823253079,Charleen Longo,clongokf@msn.com,Female,8/9/2019,$46.93
737,4175002480015285,Morgan Siward,msiwardkg@cnn.com,Male,8/23/2019,$31.18
738,5272707564198968,Galina Dubery,gduberykh@digg.com,Female,11/10/2019,$84.84
739,633317321593735331,Harlen Diddams,hdiddamski@bluehost.com,Male,3/23/2020,$0.74
740,5586507868621520,Leda Silveston,lsilvestonkj@icq.com,Female,2/8/2020,$36.22
741,3538847953243804,Gabriell Mordon,gmordonkk@miitbeian.gov.cn,Female,5/17/2019,$53.86
742,5100140244729804,Letizia Powderham,lpowderhamkl@theguardian.com,Female,5/24/2019,$0.58
743,5602251782077838,Marie-jeanne Janjusevic,mjanjusevickm@forbes.com,Female,9/30/2019,$15.17
744,5602249711978051408,Wenonah Leibold,wleiboldkn@shareasale.com,Female,7/13/2019,$44.56
745,5228039534834810,Pembroke Toulamain,ptoulamainko@discovery.com,Male,2/26/2020,$23.72
746,3582002120148578,Fania Lyness,flynesskp@liveinternet.ru,Female,5/2/2020,$45.72
747,3563879798717658,Inger Milington,imilingtonkq@amazonaws.com,Male,3/12/2020,$74.00
748,201988638979529,Neala Inns,ninnskr@amazon.de,Female,2/15/2020,$98.94
749,5453279455627365,Em Mate,emateks@quantcast.com,Male,3/23/2020,$97.12
750,4905480893673717,Kristian Dewbury,kdewburykt@google.ru,Male,7/27/2019,$80.49
751,201769434820467,Morlee Smallshaw,msmallshawku@devhub.com,Male,11/9/2019,$23.58
752,4844812445449713,Paco Potapczuk,ppotapczukkv@zimbio.com,Male,3/7/2020,$56.66
753,3553884617665825,Celinda O'Scandall,coscandallkw@pcworld.com,Female,10/20/2019,$29.28
754,3571644580322079,Yuri Zavattieri,yzavattierikx@usnews.com,Male,8/13/2019,$27.61
755,3586209420589031,Cord Blethyn,cblethynky@utexas.edu,Male,7/9/2019,$49.73
756,3578115880639101,Ardyce Bignell,abignellkz@360.cn,Female,11/14/2019,$92.81
757,201738639791161,Terry Scone,tsconel0@washington.edu,Male,10/14/2019,$42.03
758,4905410039901437093,Galina Ockleshaw,gockleshawl1@wikia.com,Female,1/1/2020,$29.81
759,4911593096243161655,Giorgio Antonomolii,gantonomoliil2@cisco.com,Male,6/29/2019,$48.04
760,341734012410850,Lorinda Reece,lreecel3@newsvine.com,Female,10/19/2019,$0.92
761,3560691743903546,Rachel Pelcheur,rpelcheurl4@about.me,Female,10/17/2019,$64.41
762,3581233898514896,Clive Linneman,clinnemanl5@sphinn.com,Male,4/26/2020,$80.39
763,344998107156309,Roarke McAvaddy,rmcavaddyl6@pagesperso-orange.fr,Male,6/28/2019,$23.66
764,6759804393748293,Tuckie Padberry,tpadberryl7@yahoo.co.jp,Male,3/24/2020,$97.83
765,3546805565894208,Genovera Monsey,gmonseyl8@livejournal.com,Female,1/5/2020,$49.67
766,6386781802591632,Bink Dowsey,bdowseyl9@ycombinator.com,Male,10/14/2019,$38.87
767,3550082651350510,Prinz Ilyinski,pilyinskila@histats.com,Male,8/2/2019,$46.52
768,4405374957192711,Kellen Swyre,kswyrelb@nba.com,Male,9/8/2019,$93.69
769,5602246713537611,Gawen Sneller,gsnellerlc@spiegel.de,Male,12/3/2019,$86.04
770,3544733255686365,Torrin Brigden,tbrigdenld@eepurl.com,Male,11/22/2019,$31.89
771,342931889603778,Fedora Plaistowe,fplaistowele@com.com,Female,7/21/2019,$19.85
772,6304404079120956,Betti Ollivierre,bollivierrelf@cnet.com,Female,9/9/2019,$38.26
773,3558041769047725,Elwira Hutcheson,ehutchesonlg@friendfeed.com,Female,5/9/2020,$41.40
774,3577233822522474,Haroun Toffts,htofftslh@godaddy.com,Male,6/23/2019,$6.13
775,6393612960844995,Faye Cackett,fcackettli@elegantthemes.com,Female,2/10/2020,$73.19
776,3566460834905537,Wilmer Borgars,wborgarslj@usda.gov,Male,8/4/2019,$50.98
777,3542489609694546,Philbert Tebbutt,ptebbuttlk@stumbleupon.com,Male,1/11/2020,$54.64
778,3571821186332971,Fayre Pegden,fpegdenll@hatena.ne.jp,Female,3/16/2020,$6.40
779,676358661281805535,Ashton Lummus,alummuslm@nsw.gov.au,Male,1/27/2020,$90.92
780,4844544778308147,Broderick Girsch,bgirschln@google.ru,Male,3/3/2020,$1.23
781,348277836417555,Hedvig Codd,hcoddlo@addtoany.com,Female,7/2/2019,$6.78
782,3563746663458926,Sebastiano Blanche,sblanchelp@biglobe.ne.jp,Male,1/5/2020,$3.79
783,337941614447554,Celisse Erbain,cerbainlq@yahoo.com,Female,6/3/2019,$43.42
784,3572127935150022,Ethelyn Nobbs,enobbslr@yahoo.co.jp,Female,1/21/2020,$6.84
785,3532764530422098,Nichole Browett,nbrowettls@networksolutions.com,Female,7/26/2019,$7.75
786,201625466041259,Stacie Mayger,smaygerlt@sakura.ne.jp,Female,2/28/2020,$27.60
787,4192709360334,Arlene Dalley,adalleylu@youku.com,Female,11/26/2019,$93.11
788,3584176622398697,Shermy Freeth,sfreethlv@irs.gov,Male,4/5/2020,$9.76
789,374283399929868,Charmian Lerhinan,clerhinanlw@alexa.com,Female,11/26/2019,$47.74
790,3586571396711000,Ches Drissell,cdrisselllx@jugem.jp,Male,1/18/2020,$63.66
791,3549993904313812,Fenelia Vannoort,fvannoortly@nba.com,Female,5/17/2019,$71.01
792,5602226368061547,Anjela Broggetti,abroggettilz@canalblog.com,Female,3/13/2020,$72.03
793,6383046299416799,Bealle Roll,brollm0@ameblo.jp,Male,4/7/2020,$52.04
794,3583543209450756,Zachariah Harse,zharsem1@printfriendly.com,Male,10/23/2019,$72.40
795,67066121503028767,Chase McCrone,cmccronem2@addtoany.com,Male,4/13/2020,$63.67
796,3540895074611645,Isiahi Mallows,imallowsm3@wikimedia.org,Male,2/7/2020,$95.19
797,4903962673565044717,Vitoria Bandiera,vbandieram4@hud.gov,Female,9/2/2019,$16.25
798,3535037494656408,Kelila Cotterrill,kcotterrillm5@huffingtonpost.com,Female,11/16/2019,$2.45
799,5432675614358576,Lowell Krelle,lkrellem6@ehow.com,Male,4/12/2020,$31.94
800,4936073318840628290,Errick Losseljong,elosseljongm7@indiatimes.com,Male,1/5/2020,$68.33
801,3570444684450004,Salvador Bruntje,sbruntjem8@squidoo.com,Male,3/10/2020,$71.14
802,4041597987958160,Darbee Miles,dmilesm9@people.com.cn,Male,1/8/2020,$54.08
803,5602249162779114,Claudell Charity,ccharityma@vkontakte.ru,Male,7/20/2019,$71.25
804,201698349205839,Reinald Hamblin,rhamblinmb@statcounter.com,Male,4/24/2020,$7.09
805,3564679500572733,Ruggiero Cooke,rcookemc@jugem.jp,Male,7/3/2019,$57.46
806,3567357411637013,Vi Di Biasi,vdimd@google.com.hk,Female,12/13/2019,$35.90
807,3586368135677182,Honor Stutard,hstutardme@canalblog.com,Female,12/27/2019,$51.85
808,3571843750858249,Harriett Escott,hescottmf@tripod.com,Female,9/26/2019,$25.55
809,3546565471192564,Rees Bachellier,rbachelliermg@army.mil,Male,8/4/2019,$6.95
810,3576814068397415,Consolata Cregg,ccreggmh@businessweek.com,Female,11/2/2019,$1.16
811,6392404972359464,Herve Axelbee,haxelbeemi@printfriendly.com,Male,1/21/2020,$50.87
812,3536100597781652,Crosby Camier,ccamiermj@stumbleupon.com,Male,10/9/2019,$57.50
813,6334144891981797,Gretna Garrattley,ggarrattleymk@nsw.gov.au,Female,9/17/2019,$96.54
814,3538016945726751,Agnes Temperton,atempertonml@ucla.edu,Female,2/23/2020,$95.69
815,3582927315478663,Courtenay Sigward,csigwardmm@google.com,Female,6/14/2019,$31.39
816,490577833088558622,Charline Mepham,cmephammn@globo.com,Female,9/3/2019,$39.01
817,5010127189963364,Bailey Eggleston,begglestonmo@house.gov,Male,10/21/2019,$10.87
818,5346601552992478,Rebecca Spring,rspringmp@ucsd.edu,Female,9/2/2019,$58.98
819,5602245356909293,Helenka Lanfranchi,hlanfranchimq@prlog.org,Female,5/31/2019,$12.84
820,201585835526713,Carry Laybourn,claybournmr@wordpress.org,Female,7/16/2019,$61.67
821,560224704448775221,Brynne Rickards,brickardsms@mtv.com,Female,9/18/2019,$18.05
822,5431376900221138,Vickie Wiggington,vwiggingtonmt@cisco.com,Female,10/7/2019,$9.18
823,3557353565442971,Lyman Cauthra,lcauthramu@uiuc.edu,Male,1/15/2020,$27.74
824,4911901925157116,Barthel Tudgay,btudgaymv@chron.com,Male,9/20/2019,$57.68
825,30336180615447,Lilyan Lapley,llapleymw@nbcnews.com,Female,6/1/2019,$61.89
826,4041598464394,Ilsa Kilbourne,ikilbournemx@joomla.org,Female,1/3/2020,$9.25
827,3531396009138995,Sadye Robelow,srobelowmy@myspace.com,Female,12/27/2019,$26.14
828,3556695270338451,Lucinda Skingley,lskingleymz@businesswire.com,Female,11/7/2019,$94.11
829,5893133548174257,Dianne Binny,dbinnyn0@squidoo.com,Female,2/24/2020,$74.34
830,63046803844456617,Steffen Pharro,spharron1@ebay.com,Male,1/31/2020,$9.90
831,6334147598110212754,Herbert Benner,hbennern2@g.co,Male,11/11/2019,$46.58
832,3582048798327226,Dareen Pattesall,dpattesalln3@illinois.edu,Female,3/21/2020,$14.36
833,633327791640560098,Jennilee Rainton,jraintonn4@people.com.cn,Female,6/4/2019,$17.84
834,5304046306096111,Evangeline Winkell,ewinkelln5@behance.net,Female,8/18/2019,$6.22
835,4844886395378650,Hilliard Waugh,hwaughn6@time.com,Male,1/12/2020,$56.92
836,3589676005149612,Jeni Criple,jcriplen7@hexun.com,Female,12/24/2019,$81.62
837,3588263550082141,Meredith Mouncher,mmounchern8@scribd.com,Male,2/15/2020,$20.63
838,5602217089235684,Chan Delia,cdelian9@ucla.edu,Male,10/25/2019,$50.71
839,5048379021877627,Franny Goullee,fgoulleena@alibaba.com,Female,2/23/2020,$69.38
840,3549032786832027,Alexandrina Bennet,abennetnb@virginia.edu,Female,9/6/2019,$75.26
841,6706795530615800910,Pierrette Withur,pwithurnc@toplist.cz,Female,1/26/2020,$38.30
842,30162087598977,Kenny Sotheron,ksotheronnd@ucoz.ru,Male,9/20/2019,$59.24
843,5602214662617271,Lissie Giorgietto,lgiorgiettone@tinyurl.com,Female,7/27/2019,$46.69
844,3562884418584018,Irvine Limprecht,ilimprechtnf@ustream.tv,Male,4/4/2020,$4.88
845,4017952253795186,Remy Bewlie,rbewlieng@tinyurl.com,Female,3/7/2020,$90.79
846,30259403885201,Elli Haspineall,ehaspineallnh@barnesandnoble.com,Female,4/8/2020,$41.70
847,30314772722343,Harlene Gawler,hgawlerni@pcworld.com,Female,8/23/2019,$91.99
848,3588626646441085,Gregorio Varley,gvarleynj@opensource.org,Male,10/23/2019,$19.14
849,5247342680729835,Dane Vick,dvicknk@jiathis.com,Male,12/30/2019,$53.62
850,56022456705358877,Curtice Deal,cdealnl@chron.com,Male,7/12/2019,$58.64
851,4917972516643164,Marchelle Dillamore,mdillamorenm@homestead.com,Female,1/1/2020,$15.82
852,6759497802957017,Anna-maria Joderli,ajoderlinn@spotify.com,Female,1/17/2020,$12.95
853,3546700773288196,Dimitri Fenton,dfentonno@chronoengine.com,Male,7/11/2019,$52.04
854,5381162212071944,Bettina Howie,bhowienp@globo.com,Female,10/17/2019,$38.98
855,201866565430122,Felicia Coopey,fcoopeynq@elpais.com,Female,10/10/2019,$96.06
856,3586819820280633,Bond Trowsdall,btrowsdallnr@ameblo.jp,Male,1/7/2020,$63.22
857,5048378897453513,Rae Faragher,rfaragherns@a8.net,Female,8/20/2019,$13.77
858,4508692756701408,Shannon Danshin,sdanshinnt@rakuten.co.jp,Female,8/3/2019,$2.09
859,4913528320846726,Thorvald Ebbitt,tebbittnu@usatoday.com,Male,12/24/2019,$66.94
860,3558713094245626,Hanan Killwick,hkillwicknv@51.la,Male,10/27/2019,$93.74
861,3532420229256962,Wallis Devall,wdevallnw@xinhuanet.com,Male,3/13/2020,$55.63
862,3575674120594164,Xylina Cordingley,xcordingleynx@fda.gov,Female,6/30/2019,$88.11
863,4017950982603,Kirstin Faichnie,kfaichnieny@cbslocal.com,Female,2/28/2020,$26.70
864,3561367836831022,Morgen Beels,mbeelsnz@goodreads.com,Male,1/17/2020,$98.96
865,3586495685166744,Marji Clemmen,mclemmeno0@usa.gov,Female,6/20/2019,$77.32
866,6304606336679540118,Sim Hurdis,shurdiso1@google.com.hk,Male,10/2/2019,$86.48
867,3554586388736516,Sissy Mowsdill,smowsdillo2@facebook.com,Female,11/27/2019,$35.43
868,3580050241246815,Rebecka Rolstone,rrolstoneo3@istockphoto.com,Female,10/7/2019,$51.63
869,6398893355370094,Kippy Warrack,kwarracko4@uiuc.edu,Male,4/5/2020,$53.11
870,3583725802854779,Aime MacDonell,amacdonello5@mayoclinic.com,Female,4/30/2020,$36.38
871,3576055143643148,Ricky Royds,rroydso6@unesco.org,Male,7/1/2019,$96.22
872,3586426336625366,Tedman Mitchely,tmitchelyo7@list-manage.com,Male,5/18/2019,$23.34
873,4017952514861926,Oren Mussington,omussingtono8@typepad.com,Male,10/14/2019,$27.36
874,4936387712318155193,Marcos Fery,mferyo9@elpais.com,Male,10/21/2019,$48.22
875,3582681898389074,Anallese Simpole,asimpoleoa@xrea.com,Female,6/23/2019,$30.15
876,6384620133620938,Siegfried MacCoveney,smaccoveneyob@reverbnation.com,Male,11/19/2019,$15.74
877,5602242789707030,Selig Greves,sgrevesoc@bing.com,Male,3/13/2020,$16.08
878,3565033118582271,Rodrick Martinet,rmartinetod@4shared.com,Male,7/8/2019,$37.55
879,30523512438610,Kellby Beane,kbeaneoe@prlog.org,Male,8/18/2019,$75.22
880,3551966331704097,Feliza Heaphy,fheaphyof@yellowbook.com,Female,3/5/2020,$91.71
881,3546480704223089,Farrell Iorizzi,fiorizziog@google.com.br,Male,6/3/2019,$49.43
882,3536035284317990,Ange Nesbit,anesbitoh@devhub.com,Male,5/1/2020,$80.13
883,6761190514744056,Edy Sexti,esextioi@gravatar.com,Female,8/23/2019,$46.69
884,3558839195315958,Heidie MacLaverty,hmaclavertyoj@about.com,Female,2/14/2020,$69.18
885,5100131143407873,Loria Jago,ljagook@mit.edu,Female,11/19/2019,$9.41
886,201515343228130,Kylie Clackson,kclacksonol@cbsnews.com,Male,10/10/2019,$31.52
887,4175001084874535,Lolita Cordaroy,lcordaroyom@mysql.com,Female,11/21/2019,$73.36
888,30552270952868,Ellis Jakubiak,ejakubiakon@pbs.org,Male,3/3/2020,$64.99
889,5610845922231389193,Genovera Stangoe,gstangoeoo@nbcnews.com,Female,6/1/2019,$81.43
890,3534310427120938,Elia Gravett,egravettop@bandcamp.com,Male,11/12/2019,$98.12
891,3581163355117109,Mellie Jack,mjackoq@webnode.com,Female,7/20/2019,$94.30
892,201807475367848,Pip Longden,plongdenor@java.com,Male,1/5/2020,$27.87
893,3568929410035461,Fredrika Ferrolli,fferrollios@discuz.net,Female,7/21/2019,$49.24
894,3547342147931919,Ransom Blaine,rblaineot@europa.eu,Male,1/24/2020,$85.24
895,6759267620083223972,Vitia Coverdale,vcoverdaleou@miibeian.gov.cn,Female,8/27/2019,$46.47
896,5641828846163406277,Even Lakenton,elakentonov@over-blog.com,Male,5/20/2019,$58.09
897,67611508010094219,Chrotoem Toderini,ctoderiniow@washington.edu,Male,9/25/2019,$31.51
898,337941439463570,Corabelle Kewley,ckewleyox@godaddy.com,Female,10/31/2019,$4.09
899,3583330673295523,Whitman Thowless,wthowlessoy@chronoengine.com,Male,6/3/2019,$97.44
900,5602244699501354,Nataniel Conws,nconwsoz@buzzfeed.com,Male,8/9/2019,$83.54
901,5433281315125908,Raf Tapenden,rtapendenp0@ibm.com,Female,4/22/2020,$33.28
902,5602244537749405,Morgen Beharrell,mbeharrellp1@hostgator.com,Female,3/16/2020,$52.26
903,30213589605396,Alonso Crosetto,acrosettop2@nsw.gov.au,Male,12/27/2019,$50.53
904,3588992003314327,Norris Abdon,nabdonp3@merriam-webster.com,Male,3/15/2020,$88.90
905,5100146462061341,Armin Coult,acoultp4@patch.com,Male,1/25/2020,$81.17
906,670977262167698872,Maitilde Karpov,mkarpovp5@ycombinator.com,Female,8/25/2019,$76.47
907,3589707529251046,Micheil Labadini,mlabadinip6@usnews.com,Male,9/20/2019,$82.22
908,201780555264682,Garvy Luxen,gluxenp7@dion.ne.jp,Male,2/24/2020,$48.26
909,4903261241186468224,Georgia Schimon,gschimonp8@npr.org,Female,9/22/2019,$62.05
910,5610105796772091,Cathie Borley,cborleyp9@fema.gov,Female,8/26/2019,$54.27
911,4917035783979396,Frayda Boater,fboaterpa@rediff.com,Female,2/17/2020,$18.36
912,4936429807588794505,Bevvy McEllen,bmcellenpb@foxnews.com,Female,11/26/2019,$92.28
913,6333547898569012,Hurlee Austen,haustenpc@vk.com,Male,4/11/2020,$53.00
914,5372189501976047,Homerus Scanterbury,hscanterburypd@ucoz.ru,Male,1/10/2020,$89.08
915,3529598250115267,Rod Heppner,rheppnerpe@hp.com,Male,10/8/2019,$93.80
916,30039961563360,Fayette Ropars,froparspf@goodreads.com,Female,10/13/2019,$35.37
917,3584900890017709,Danie Cowherd,dcowherdpg@wikia.com,Male,10/20/2019,$46.69
918,4508182164175569,Julio Alexsandrev,jalexsandrevph@diigo.com,Male,11/27/2019,$88.12
919,3546978397688823,Aleksandr Baitson,abaitsonpi@uiuc.edu,Male,3/16/2020,$74.31
920,337941231465476,Elwyn Broek,ebroekpj@free.fr,Male,12/19/2019,$70.96
921,3587621103418768,Blaine Rosell,brosellpk@gizmodo.com,Male,9/23/2019,$35.23
922,676207749411691728,Elvis McMillian,emcmillianpl@imdb.com,Male,2/23/2020,$73.74
923,3541528965228943,Laurens O'Reagan,loreaganpm@hibu.com,Male,12/27/2019,$42.65
924,490584669019859130,William Dehm,wdehmpn@google.cn,Male,1/13/2020,$57.50
925,36522220134242,Georgine Duffrie,gduffriepo@xing.com,Female,12/2/2019,$18.07
926,3538746792918867,Lorrin Crippell,lcrippellpp@bandcamp.com,Female,8/1/2019,$30.38
927,4844270643773907,Randa Jarrold,rjarroldpq@biglobe.ne.jp,Female,5/17/2019,$8.32
928,5010120296096996,Finn Rigeby,frigebypr@odnoklassniki.ru,Male,10/4/2019,$48.65
929,3547847700258526,Cece MacElroy,cmacelroyps@sciencedirect.com,Male,9/23/2019,$1.18
930,5100131286487138,Lindy Gritsaev,lgritsaevpt@va.gov,Female,10/16/2019,$5.05
931,5002353068549245,Mayne Pummell,mpummellpu@1688.com,Male,2/23/2020,$94.49
932,3528430639541958,Yves Dunlea,ydunleapv@xrea.com,Male,3/19/2020,$84.51
933,3528404446523020,Hamnet Northen,hnorthenpw@icio.us,Male,9/14/2019,$61.65
934,3532050376192379,Bronny MacKegg,bmackeggpx@technorati.com,Male,5/29/2019,$89.89
935,6761225000388594,Alleen Lusty,alustypy@networkadvertising.org,Female,12/30/2019,$36.45
936,6771600988959764,Hartwell Keepin,hkeepinpz@craigslist.org,Male,8/28/2019,$50.71
937,5557512738619154,Dasha Gainsford,dgainsfordq0@ask.com,Female,7/31/2019,$65.39
938,4917757551201063,Gates Slogrove,gslogroveq1@stumbleupon.com,Female,2/25/2020,$76.59
939,4844357546209731,Arv Magowan,amagowanq2@usa.gov,Male,8/6/2019,$40.53
940,4017956228407,Sean Stukings,sstukingsq3@unblog.fr,Male,3/30/2020,$41.77
941,6759574883653745356,Teddy De Malchar,tdeq4@reddit.com,Male,4/20/2020,$0.43
942,3576469911508195,Hayes Shoebotham,hshoebothamq5@constantcontact.com,Male,9/18/2019,$62.64
943,4017950804385531,Dorothee Shattock,dshattockq6@barnesandnoble.com,Female,4/27/2020,$78.53
944,67612645372740259,Meagan Blowen,mblowenq7@latimes.com,Female,8/28/2019,$0.12
945,30485850678175,Abraham Taplow,ataplowq8@upenn.edu,Male,6/15/2019,$59.63
946,3572273895569197,Lori Ferrant,lferrantq9@amazonaws.com,Female,6/1/2019,$60.86
947,675971204883368526,Kissie Reynault,kreynaultqa@dedecms.com,Female,6/25/2019,$97.11
948,6761232104281472929,Donnie Anthona,danthonaqb@chronoengine.com,Female,7/23/2019,$50.89
949,3538652517948264,Salomon Embra,sembraqc@desdev.cn,Male,10/22/2019,$22.02
950,374283611055997,Traver Keilloh,tkeillohqd@umich.edu,Male,10/26/2019,$23.67
951,5602244531544695,Kial Da Costa,kdaqe@marketwatch.com,Female,4/15/2020,$77.56
952,5602235657728500,Page Pantridge,ppantridgeqf@goodreads.com,Male,4/19/2020,$18.54
953,30559992514157,Dallas Schoroder,dschoroderqg@jalbum.net,Male,3/3/2020,$72.09
954,5010125217981135,Whitby Leyrroyd,wleyrroydqh@yandex.ru,Male,9/8/2019,$71.20
955,30121252312994,Alessandra Danne,adanneqi@moonfruit.com,Female,6/22/2019,$84.83
956,3572028582459858,Nikos Cattini,ncattiniqj@tinyurl.com,Male,10/21/2019,$80.83
957,6388155116575839,Ardenia Mabbitt,amabbittqk@ed.gov,Female,6/21/2019,$32.99
958,3555169831239310,Anallese Neild,aneildql@walmart.com,Female,2/17/2020,$0.35
959,67712173901696248,Lyndell Varley,lvarleyqm@microsoft.com,Female,2/26/2020,$25.19
960,3531528538239650,Janene Sitch,jsitchqn@sun.com,Female,1/18/2020,$12.21
961,3538521477047005,Vitia Cadore,vcadoreqo@tripadvisor.com,Female,12/9/2019,$51.84
962,5602219849470809,Zerk McNae,zmcnaeqp@mapquest.com,Male,9/6/2019,$2.60
963,3589702460960382,Waylin Easeman,weasemanqq@indiegogo.com,Male,4/10/2020,$66.99
964,30527200987804,Karoline Mower,kmowerqr@networkadvertising.org,Female,12/6/2019,$27.19
965,3539048209528531,Tybi Resdale,tresdaleqs@illinois.edu,Female,3/30/2020,$45.97
966,3578785674494374,Eleen Farnin,efarninqt@hugedomains.com,Female,1/23/2020,$19.25
967,4349136538110,Tait Kermath,tkermathqu@hp.com,Male,7/7/2019,$33.24
968,3553289808909240,Gabriela Helgass,ghelgassqv@webnode.com,Female,8/25/2019,$6.81
969,3568935739926678,Amity Arthey,aartheyqw@twitpic.com,Female,11/1/2019,$34.00
970,5602226635739198,Zacharias Choke,zchokeqx@eventbrite.com,Male,7/26/2019,$78.32
971,36395600506762,Brigida Wylder,bwylderqy@webnode.com,Female,3/19/2020,$71.98
972,5602254741331627,Horatio Kirvell,hkirvellqz@slideshare.net,Male,2/24/2020,$61.78
973,3546447513097707,Sayers Lofthouse,slofthouser0@istockphoto.com,Male,8/26/2019,$81.95
974,346348651990679,Francine Wiggam,fwiggamr1@4shared.com,Female,10/27/2019,$53.16
975,3578461016391229,Parsifal Nussen,pnussenr2@springer.com,Male,1/21/2020,$87.17
976,3549803930351589,Pall Gerdes,pgerdesr3@usnews.com,Male,11/5/2019,$39.06
977,3562264056677301,Chrisse Sent,csentr4@privacy.gov.au,Male,2/23/2020,$28.31
978,3535962364421627,Clarice Lapthorn,clapthornr5@unblog.fr,Female,3/16/2020,$28.77
979,6761421613830665172,Anthia Sugars,asugarsr6@rambler.ru,Female,3/28/2020,$95.92
980,337941406535566,Frederick McKall,fmckallr7@weebly.com,Male,1/7/2020,$75.75
981,3545844731072762,Beilul Lapwood,blapwoodr8@ebay.co.uk,Female,9/15/2019,$59.54
982,201558944905938,Juliann Fuggle,jfuggler9@cpanel.net,Female,3/25/2020,$21.94
983,3581532237121135,Eal De Andreis,edera@indiegogo.com,Male,5/14/2019,$84.12
984,201628969989529,Thibaut Osmint,tosmintrb@taobao.com,Male,1/22/2020,$54.85
985,3555969296163255,Danyelle Petchey,dpetcheyrc@lulu.com,Female,6/1/2019,$76.97
986,490395229507129410,Nicolas Bollum,nbollumrd@technorati.com,Male,2/5/2020,$79.31
987,379678091019956,Darnall Donaghy,ddonaghyre@nsw.gov.au,Male,11/26/2019,$50.46
988,374283686376781,Fletch Hinstridge,fhinstridgerf@wsj.com,Male,5/10/2020,$15.67
989,3529298484296781,Engelbert Killford,ekillfordrg@163.com,Male,9/8/2019,$94.74
990,3573326962307807,Marsiella Ruspine,mruspinerh@mysql.com,Female,6/4/2019,$18.78
991,3534986172140443,Jefferson Astle,jastleri@go.com,Male,9/28/2019,$74.27
992,5210230189283342,Myranda Logsdale,mlogsdalerj@symantec.com,Female,6/27/2019,$42.77
993,201588609659108,Lurette Weild,lweildrk@a8.net,Female,10/30/2019,$4.37
994,6370359738330918,Prentice Sket,psketrl@issuu.com,Male,3/27/2020,$28.14
995,3580087093358223,Dell Kermit,dkermitrm@google.it,Male,6/8/2019,$36.35
996,676733525927427846,Beltran Fist,bfistrn@nps.gov,Male,10/6/2019,$39.85
997,560224243927054378,Hestia Ainley,hainleyro@cornell.edu,Female,7/18/2019,$38.39
998,3528022564520956,Weider Ranald,wranaldrp@dmoz.org,Male,4/8/2020,$10.69
999,3560700243194652,Kerry Strettell,kstrettellrq@tripadvisor.com,Female,12/11/2019,$98.05
1000,337941470250571,Jolene Alleburton,jalleburtonrr@furl.net,Female,12/15/2019,$87.74
